Copyright 1986-2021 Xilinx, Inc. All Rights Reserved.
---------------------------------------------------------------------------------------------------------------------------------------------------------------------------------------------------------------------------------------------
| Tool Version : Vivado v.2021.2 (win64) Build 3367213 Tue Oct 19 02:48:09 MDT 2021
| Date         : Fri Mar 28 15:25:11 2025
| Host         : BRJGSN325259 running 64-bit major release  (build 9200)
| Command      : report_timing_summary -max_paths 10 -report_unconstrained -file design_1_wrapper_timing_summary_routed.rpt -pb design_1_wrapper_timing_summary_routed.pb -rpx design_1_wrapper_timing_summary_routed.rpx -warn_on_violation
| Design       : design_1_wrapper
| Device       : 7z020-clg400
| Speed File   : -3  PRODUCTION 1.12 2019-11-22
---------------------------------------------------------------------------------------------------------------------------------------------------------------------------------------------------------------------------------------------

Timing Summary Report

------------------------------------------------------------------------------------------------
| Timer Settings
| --------------
------------------------------------------------------------------------------------------------

  Enable Multi Corner Analysis               :  Yes
  Enable Pessimism Removal                   :  Yes
  Pessimism Removal Resolution               :  Nearest Common Node
  Enable Input Delay Default Clock           :  No
  Enable Preset / Clear Arcs                 :  No
  Disable Flight Delays                      :  No
  Ignore I/O Paths                           :  No
  Timing Early Launch at Borrowing Latches   :  No
  Borrow Time for Max Delay Exceptions       :  Yes
  Merge Timing Exceptions                    :  Yes

  Corner  Analyze    Analyze    
  Name    Max Paths  Min Paths  
  ------  ---------  ---------  
  Slow    Yes        Yes        
  Fast    Yes        Yes        


------------------------------------------------------------------------------------------------
| Report Methodology
| ------------------
------------------------------------------------------------------------------------------------

Rule       Severity  Description                    Violations  
---------  --------  -----------------------------  ----------  
TIMING-18  Warning   Missing input or output delay  1           

Note: This report is based on the most recent report_methodology run and may not be up-to-date. Run report_methodology on the current design for the latest report.



check_timing report

Table of Contents
-----------------
1. checking no_clock (0)
2. checking constant_clock (0)
3. checking pulse_width_clock (0)
4. checking unconstrained_internal_endpoints (0)
5. checking no_input_delay (0)
6. checking no_output_delay (1)
7. checking multiple_clock (0)
8. checking generated_clocks (0)
9. checking loops (0)
10. checking partial_input_delay (0)
11. checking partial_output_delay (0)
12. checking latch_loops (0)

1. checking no_clock (0)
------------------------
 There are 0 register/latch pins with no clock.


2. checking constant_clock (0)
------------------------------
 There are 0 register/latch pins with constant_clock.


3. checking pulse_width_clock (0)
---------------------------------
 There are 0 register/latch pins which need pulse_width check


4. checking unconstrained_internal_endpoints (0)
------------------------------------------------
 There are 0 pins that are not constrained for maximum delay.

 There are 0 pins that are not constrained for maximum delay due to constant clock.


5. checking no_input_delay (0)
------------------------------
 There are 0 input ports with no input delay specified.

 There are 0 input ports with no input delay but user has a false path constraint.


6. checking no_output_delay (1)
-------------------------------
 There is 1 port with no output delay specified. (HIGH)

 There are 0 ports with no output delay but user has a false path constraint

 There are 0 ports with no output delay but with a timing clock defined on it or propagating through it


7. checking multiple_clock (0)
------------------------------
 There are 0 register/latch pins with multiple clocks.


8. checking generated_clocks (0)
--------------------------------
 There are 0 generated clocks that are not connected to a clock source.


9. checking loops (0)
---------------------
 There are 0 combinational loops in the design.


10. checking partial_input_delay (0)
------------------------------------
 There are 0 input ports with partial input delay specified.


11. checking partial_output_delay (0)
-------------------------------------
 There are 0 ports with partial output delay specified.


12. checking latch_loops (0)
----------------------------
 There are 0 combinational latch loops in the design through latch input



------------------------------------------------------------------------------------------------
| Design Timing Summary
| ---------------------
------------------------------------------------------------------------------------------------

    WNS(ns)      TNS(ns)  TNS Failing Endpoints  TNS Total Endpoints      WHS(ns)      THS(ns)  THS Failing Endpoints  THS Total Endpoints     WPWS(ns)     TPWS(ns)  TPWS Failing Endpoints  TPWS Total Endpoints  
    -------      -------  ---------------------  -------------------      -------      -------  ---------------------  -------------------     --------     --------  ----------------------  --------------------  
     16.235        0.000                      0                   65        0.260        0.000                      0                   65        9.500        0.000                       0                    34  


All user specified timing constraints are met.


------------------------------------------------------------------------------------------------
| Clock Summary
| -------------
------------------------------------------------------------------------------------------------

Clock       Waveform(ns)       Period(ns)      Frequency(MHz)
-----       ------------       ----------      --------------
clk_fpga_0  {0.000 10.000}     20.000          50.000          


------------------------------------------------------------------------------------------------
| Intra Clock Table
| -----------------
------------------------------------------------------------------------------------------------

Clock             WNS(ns)      TNS(ns)  TNS Failing Endpoints  TNS Total Endpoints      WHS(ns)      THS(ns)  THS Failing Endpoints  THS Total Endpoints     WPWS(ns)     TPWS(ns)  TPWS Failing Endpoints  TPWS Total Endpoints  
-----             -------      -------  ---------------------  -------------------      -------      -------  ---------------------  -------------------     --------     --------  ----------------------  --------------------  
clk_fpga_0         16.235        0.000                      0                   65        0.260        0.000                      0                   65        9.500        0.000                       0                    34  


------------------------------------------------------------------------------------------------
| Inter Clock Table
| -----------------
------------------------------------------------------------------------------------------------

From Clock    To Clock          WNS(ns)      TNS(ns)  TNS Failing Endpoints  TNS Total Endpoints      WHS(ns)      THS(ns)  THS Failing Endpoints  THS Total Endpoints  
----------    --------          -------      -------  ---------------------  -------------------      -------      -------  ---------------------  -------------------  


------------------------------------------------------------------------------------------------
| Other Path Groups Table
| -----------------------
------------------------------------------------------------------------------------------------

Path Group    From Clock    To Clock          WNS(ns)      TNS(ns)  TNS Failing Endpoints  TNS Total Endpoints      WHS(ns)      THS(ns)  THS Failing Endpoints  THS Total Endpoints  
----------    ----------    --------          -------      -------  ---------------------  -------------------      -------      -------  ---------------------  -------------------  


------------------------------------------------------------------------------------------------
| User Ignored Path Table
| -----------------------
------------------------------------------------------------------------------------------------

Path Group    From Clock    To Clock    
----------    ----------    --------    


------------------------------------------------------------------------------------------------
| Unconstrained Path Table
| ------------------------
------------------------------------------------------------------------------------------------

Path Group    From Clock    To Clock    
----------    ----------    --------    
(none)        clk_fpga_0                  


------------------------------------------------------------------------------------------------
| Timing Details
| --------------
------------------------------------------------------------------------------------------------


---------------------------------------------------------------------------------------------------
From Clock:  clk_fpga_0
  To Clock:  clk_fpga_0

Setup :            0  Failing Endpoints,  Worst Slack       16.235ns,  Total Violation        0.000ns
Hold  :            0  Failing Endpoints,  Worst Slack        0.260ns,  Total Violation        0.000ns
PW    :            0  Failing Endpoints,  Worst Slack        9.500ns,  Total Violation        0.000ns
---------------------------------------------------------------------------------------------------


Max Delay Paths
--------------------------------------------------------------------------------------
Slack (MET) :             16.235ns  (required time - arrival time)
  Source:                 design_1_i/Blinky_0/U0/ctr_reg_reg[3]/C
                            (rising edge-triggered cell FDRE clocked by clk_fpga_0  {rise@0.000ns fall@10.000ns period=20.000ns})
  Destination:            design_1_i/Blinky_0/U0/ctr_reg_reg[0]/R
                            (rising edge-triggered cell FDRE clocked by clk_fpga_0  {rise@0.000ns fall@10.000ns period=20.000ns})
  Path Group:             clk_fpga_0
  Path Type:              Setup (Max at Slow Process Corner)
  Requirement:            20.000ns  (clk_fpga_0 rise@20.000ns - clk_fpga_0 rise@0.000ns)
  Data Path Delay:        2.963ns  (logic 1.328ns (44.822%)  route 1.635ns (55.178%))
  Logic Levels:           6  (CARRY4=5 LUT2=1)
  Clock Path Skew:        0.000ns (DCD - SCD + CPR)
    Destination Clock Delay (DCD):    2.131ns = ( 22.131 - 20.000 ) 
    Source Clock Delay      (SCD):    2.361ns
    Clock Pessimism Removal (CPR):    0.230ns
  Clock Uncertainty:      0.302ns  ((TSJ^2 + TIJ^2)^1/2 + DJ) / 2 + PE
    Total System Jitter     (TSJ):    0.071ns
    Total Input Jitter      (TIJ):    0.600ns
    Discrete Jitter          (DJ):    0.000ns
    Phase Error              (PE):    0.000ns

    Location             Delay type                Incr(ns)  Path(ns)    Netlist Resource(s)
  -------------------------------------------------------------------    -------------------
                         (clock clk_fpga_0 rise edge)
                                                      0.000     0.000 r  
    PS7_X0Y0             PS7                          0.000     0.000 r  design_1_i/processing_system7_0/inst/PS7_i/FCLKCLK[0]
                         net (fo=1, routed)           0.863     0.863    design_1_i/processing_system7_0/inst/FCLK_CLK_unbuffered[0]
    BUFGCTRL_X0Y16       BUFG (Prop_bufg_I_O)         0.079     0.942 r  design_1_i/processing_system7_0/inst/buffer_fclk_clk_0.FCLK_CLK_0_BUFG/O
                         net (fo=33, routed)          1.419     2.361    design_1_i/Blinky_0/U0/sysclk
    SLICE_X112Y90        FDRE                                         r  design_1_i/Blinky_0/U0/ctr_reg_reg[3]/C
  -------------------------------------------------------------------    -------------------
    SLICE_X112Y90        FDRE (Prop_fdre_C_Q)         0.393     2.754 r  design_1_i/Blinky_0/U0/ctr_reg_reg[3]/Q
                         net (fo=3, routed)           0.596     3.350    design_1_i/Blinky_0/U0/ctr_reg_reg[3]
    SLICE_X113Y91        LUT2 (Prop_lut2_I1_O)        0.097     3.447 r  design_1_i/Blinky_0/U0/ctr_reg1_carry_i_7/O
                         net (fo=1, routed)           0.000     3.447    design_1_i/Blinky_0/U0/ctr_reg1_carry_i_7_n_0
    SLICE_X113Y91        CARRY4 (Prop_carry4_S[1]_CO[3])
                                                      0.412     3.859 r  design_1_i/Blinky_0/U0/ctr_reg1_carry/CO[3]
                         net (fo=1, routed)           0.000     3.859    design_1_i/Blinky_0/U0/ctr_reg1_carry_n_0
    SLICE_X113Y92        CARRY4 (Prop_carry4_CI_CO[3])
                                                      0.089     3.948 r  design_1_i/Blinky_0/U0/ctr_reg1_carry__0/CO[3]
                         net (fo=1, routed)           0.000     3.948    design_1_i/Blinky_0/U0/ctr_reg1_carry__0_n_0
    SLICE_X113Y93        CARRY4 (Prop_carry4_CI_CO[3])
                                                      0.089     4.037 r  design_1_i/Blinky_0/U0/ctr_reg1_carry__1/CO[3]
                         net (fo=1, routed)           0.000     4.037    design_1_i/Blinky_0/U0/ctr_reg1_carry__1_n_0
    SLICE_X113Y94        CARRY4 (Prop_carry4_CI_CO[3])
                                                      0.089     4.126 r  design_1_i/Blinky_0/U0/ctr_reg1_carry__2/CO[3]
                         net (fo=1, routed)           0.000     4.126    design_1_i/Blinky_0/U0/ctr_reg1
    SLICE_X113Y95        CARRY4 (Prop_carry4_CI_O[0])
                                                      0.159     4.285 r  design_1_i/Blinky_0/U0/ctr_reg1_carry__3/O[0]
                         net (fo=33, routed)          1.039     5.324    design_1_i/Blinky_0/U0/clear
    SLICE_X112Y90        FDRE                                         r  design_1_i/Blinky_0/U0/ctr_reg_reg[0]/R
  -------------------------------------------------------------------    -------------------

                         (clock clk_fpga_0 rise edge)
                                                     20.000    20.000 r  
    PS7_X0Y0             PS7                          0.000    20.000 r  design_1_i/processing_system7_0/inst/PS7_i/FCLKCLK[0]
                         net (fo=1, routed)           0.786    20.786    design_1_i/processing_system7_0/inst/FCLK_CLK_unbuffered[0]
    BUFGCTRL_X0Y16       BUFG (Prop_bufg_I_O)         0.072    20.858 r  design_1_i/processing_system7_0/inst/buffer_fclk_clk_0.FCLK_CLK_0_BUFG/O
                         net (fo=33, routed)          1.272    22.131    design_1_i/Blinky_0/U0/sysclk
    SLICE_X112Y90        FDRE                                         r  design_1_i/Blinky_0/U0/ctr_reg_reg[0]/C
                         clock pessimism              0.230    22.361    
                         clock uncertainty           -0.302    22.059    
    SLICE_X112Y90        FDRE (Setup_fdre_C_R)       -0.500    21.559    design_1_i/Blinky_0/U0/ctr_reg_reg[0]
  -------------------------------------------------------------------
                         required time                         21.559    
                         arrival time                          -5.324    
  -------------------------------------------------------------------
                         slack                                 16.235    

Slack (MET) :             16.235ns  (required time - arrival time)
  Source:                 design_1_i/Blinky_0/U0/ctr_reg_reg[3]/C
                            (rising edge-triggered cell FDRE clocked by clk_fpga_0  {rise@0.000ns fall@10.000ns period=20.000ns})
  Destination:            design_1_i/Blinky_0/U0/ctr_reg_reg[1]/R
                            (rising edge-triggered cell FDRE clocked by clk_fpga_0  {rise@0.000ns fall@10.000ns period=20.000ns})
  Path Group:             clk_fpga_0
  Path Type:              Setup (Max at Slow Process Corner)
  Requirement:            20.000ns  (clk_fpga_0 rise@20.000ns - clk_fpga_0 rise@0.000ns)
  Data Path Delay:        2.963ns  (logic 1.328ns (44.822%)  route 1.635ns (55.178%))
  Logic Levels:           6  (CARRY4=5 LUT2=1)
  Clock Path Skew:        0.000ns (DCD - SCD + CPR)
    Destination Clock Delay (DCD):    2.131ns = ( 22.131 - 20.000 ) 
    Source Clock Delay      (SCD):    2.361ns
    Clock Pessimism Removal (CPR):    0.230ns
  Clock Uncertainty:      0.302ns  ((TSJ^2 + TIJ^2)^1/2 + DJ) / 2 + PE
    Total System Jitter     (TSJ):    0.071ns
    Total Input Jitter      (TIJ):    0.600ns
    Discrete Jitter          (DJ):    0.000ns
    Phase Error              (PE):    0.000ns

    Location             Delay type                Incr(ns)  Path(ns)    Netlist Resource(s)
  -------------------------------------------------------------------    -------------------
                         (clock clk_fpga_0 rise edge)
                                                      0.000     0.000 r  
    PS7_X0Y0             PS7                          0.000     0.000 r  design_1_i/processing_system7_0/inst/PS7_i/FCLKCLK[0]
                         net (fo=1, routed)           0.863     0.863    design_1_i/processing_system7_0/inst/FCLK_CLK_unbuffered[0]
    BUFGCTRL_X0Y16       BUFG (Prop_bufg_I_O)         0.079     0.942 r  design_1_i/processing_system7_0/inst/buffer_fclk_clk_0.FCLK_CLK_0_BUFG/O
                         net (fo=33, routed)          1.419     2.361    design_1_i/Blinky_0/U0/sysclk
    SLICE_X112Y90        FDRE                                         r  design_1_i/Blinky_0/U0/ctr_reg_reg[3]/C
  -------------------------------------------------------------------    -------------------
    SLICE_X112Y90        FDRE (Prop_fdre_C_Q)         0.393     2.754 r  design_1_i/Blinky_0/U0/ctr_reg_reg[3]/Q
                         net (fo=3, routed)           0.596     3.350    design_1_i/Blinky_0/U0/ctr_reg_reg[3]
    SLICE_X113Y91        LUT2 (Prop_lut2_I1_O)        0.097     3.447 r  design_1_i/Blinky_0/U0/ctr_reg1_carry_i_7/O
                         net (fo=1, routed)           0.000     3.447    design_1_i/Blinky_0/U0/ctr_reg1_carry_i_7_n_0
    SLICE_X113Y91        CARRY4 (Prop_carry4_S[1]_CO[3])
                                                      0.412     3.859 r  design_1_i/Blinky_0/U0/ctr_reg1_carry/CO[3]
                         net (fo=1, routed)           0.000     3.859    design_1_i/Blinky_0/U0/ctr_reg1_carry_n_0
    SLICE_X113Y92        CARRY4 (Prop_carry4_CI_CO[3])
                                                      0.089     3.948 r  design_1_i/Blinky_0/U0/ctr_reg1_carry__0/CO[3]
                         net (fo=1, routed)           0.000     3.948    design_1_i/Blinky_0/U0/ctr_reg1_carry__0_n_0
    SLICE_X113Y93        CARRY4 (Prop_carry4_CI_CO[3])
                                                      0.089     4.037 r  design_1_i/Blinky_0/U0/ctr_reg1_carry__1/CO[3]
                         net (fo=1, routed)           0.000     4.037    design_1_i/Blinky_0/U0/ctr_reg1_carry__1_n_0
    SLICE_X113Y94        CARRY4 (Prop_carry4_CI_CO[3])
                                                      0.089     4.126 r  design_1_i/Blinky_0/U0/ctr_reg1_carry__2/CO[3]
                         net (fo=1, routed)           0.000     4.126    design_1_i/Blinky_0/U0/ctr_reg1
    SLICE_X113Y95        CARRY4 (Prop_carry4_CI_O[0])
                                                      0.159     4.285 r  design_1_i/Blinky_0/U0/ctr_reg1_carry__3/O[0]
                         net (fo=33, routed)          1.039     5.324    design_1_i/Blinky_0/U0/clear
    SLICE_X112Y90        FDRE                                         r  design_1_i/Blinky_0/U0/ctr_reg_reg[1]/R
  -------------------------------------------------------------------    -------------------

                         (clock clk_fpga_0 rise edge)
                                                     20.000    20.000 r  
    PS7_X0Y0             PS7                          0.000    20.000 r  design_1_i/processing_system7_0/inst/PS7_i/FCLKCLK[0]
                         net (fo=1, routed)           0.786    20.786    design_1_i/processing_system7_0/inst/FCLK_CLK_unbuffered[0]
    BUFGCTRL_X0Y16       BUFG (Prop_bufg_I_O)         0.072    20.858 r  design_1_i/processing_system7_0/inst/buffer_fclk_clk_0.FCLK_CLK_0_BUFG/O
                         net (fo=33, routed)          1.272    22.131    design_1_i/Blinky_0/U0/sysclk
    SLICE_X112Y90        FDRE                                         r  design_1_i/Blinky_0/U0/ctr_reg_reg[1]/C
                         clock pessimism              0.230    22.361    
                         clock uncertainty           -0.302    22.059    
    SLICE_X112Y90        FDRE (Setup_fdre_C_R)       -0.500    21.559    design_1_i/Blinky_0/U0/ctr_reg_reg[1]
  -------------------------------------------------------------------
                         required time                         21.559    
                         arrival time                          -5.324    
  -------------------------------------------------------------------
                         slack                                 16.235    

Slack (MET) :             16.235ns  (required time - arrival time)
  Source:                 design_1_i/Blinky_0/U0/ctr_reg_reg[3]/C
                            (rising edge-triggered cell FDRE clocked by clk_fpga_0  {rise@0.000ns fall@10.000ns period=20.000ns})
  Destination:            design_1_i/Blinky_0/U0/ctr_reg_reg[2]/R
                            (rising edge-triggered cell FDRE clocked by clk_fpga_0  {rise@0.000ns fall@10.000ns period=20.000ns})
  Path Group:             clk_fpga_0
  Path Type:              Setup (Max at Slow Process Corner)
  Requirement:            20.000ns  (clk_fpga_0 rise@20.000ns - clk_fpga_0 rise@0.000ns)
  Data Path Delay:        2.963ns  (logic 1.328ns (44.822%)  route 1.635ns (55.178%))
  Logic Levels:           6  (CARRY4=5 LUT2=1)
  Clock Path Skew:        0.000ns (DCD - SCD + CPR)
    Destination Clock Delay (DCD):    2.131ns = ( 22.131 - 20.000 ) 
    Source Clock Delay      (SCD):    2.361ns
    Clock Pessimism Removal (CPR):    0.230ns
  Clock Uncertainty:      0.302ns  ((TSJ^2 + TIJ^2)^1/2 + DJ) / 2 + PE
    Total System Jitter     (TSJ):    0.071ns
    Total Input Jitter      (TIJ):    0.600ns
    Discrete Jitter          (DJ):    0.000ns
    Phase Error              (PE):    0.000ns

    Location             Delay type                Incr(ns)  Path(ns)    Netlist Resource(s)
  -------------------------------------------------------------------    -------------------
                         (clock clk_fpga_0 rise edge)
                                                      0.000     0.000 r  
    PS7_X0Y0             PS7                          0.000     0.000 r  design_1_i/processing_system7_0/inst/PS7_i/FCLKCLK[0]
                         net (fo=1, routed)           0.863     0.863    design_1_i/processing_system7_0/inst/FCLK_CLK_unbuffered[0]
    BUFGCTRL_X0Y16       BUFG (Prop_bufg_I_O)         0.079     0.942 r  design_1_i/processing_system7_0/inst/buffer_fclk_clk_0.FCLK_CLK_0_BUFG/O
                         net (fo=33, routed)          1.419     2.361    design_1_i/Blinky_0/U0/sysclk
    SLICE_X112Y90        FDRE                                         r  design_1_i/Blinky_0/U0/ctr_reg_reg[3]/C
  -------------------------------------------------------------------    -------------------
    SLICE_X112Y90        FDRE (Prop_fdre_C_Q)         0.393     2.754 r  design_1_i/Blinky_0/U0/ctr_reg_reg[3]/Q
                         net (fo=3, routed)           0.596     3.350    design_1_i/Blinky_0/U0/ctr_reg_reg[3]
    SLICE_X113Y91        LUT2 (Prop_lut2_I1_O)        0.097     3.447 r  design_1_i/Blinky_0/U0/ctr_reg1_carry_i_7/O
                         net (fo=1, routed)           0.000     3.447    design_1_i/Blinky_0/U0/ctr_reg1_carry_i_7_n_0
    SLICE_X113Y91        CARRY4 (Prop_carry4_S[1]_CO[3])
                                                      0.412     3.859 r  design_1_i/Blinky_0/U0/ctr_reg1_carry/CO[3]
                         net (fo=1, routed)           0.000     3.859    design_1_i/Blinky_0/U0/ctr_reg1_carry_n_0
    SLICE_X113Y92        CARRY4 (Prop_carry4_CI_CO[3])
                                                      0.089     3.948 r  design_1_i/Blinky_0/U0/ctr_reg1_carry__0/CO[3]
                         net (fo=1, routed)           0.000     3.948    design_1_i/Blinky_0/U0/ctr_reg1_carry__0_n_0
    SLICE_X113Y93        CARRY4 (Prop_carry4_CI_CO[3])
                                                      0.089     4.037 r  design_1_i/Blinky_0/U0/ctr_reg1_carry__1/CO[3]
                         net (fo=1, routed)           0.000     4.037    design_1_i/Blinky_0/U0/ctr_reg1_carry__1_n_0
    SLICE_X113Y94        CARRY4 (Prop_carry4_CI_CO[3])
                                                      0.089     4.126 r  design_1_i/Blinky_0/U0/ctr_reg1_carry__2/CO[3]
                         net (fo=1, routed)           0.000     4.126    design_1_i/Blinky_0/U0/ctr_reg1
    SLICE_X113Y95        CARRY4 (Prop_carry4_CI_O[0])
                                                      0.159     4.285 r  design_1_i/Blinky_0/U0/ctr_reg1_carry__3/O[0]
                         net (fo=33, routed)          1.039     5.324    design_1_i/Blinky_0/U0/clear
    SLICE_X112Y90        FDRE                                         r  design_1_i/Blinky_0/U0/ctr_reg_reg[2]/R
  -------------------------------------------------------------------    -------------------

                         (clock clk_fpga_0 rise edge)
                                                     20.000    20.000 r  
    PS7_X0Y0             PS7                          0.000    20.000 r  design_1_i/processing_system7_0/inst/PS7_i/FCLKCLK[0]
                         net (fo=1, routed)           0.786    20.786    design_1_i/processing_system7_0/inst/FCLK_CLK_unbuffered[0]
    BUFGCTRL_X0Y16       BUFG (Prop_bufg_I_O)         0.072    20.858 r  design_1_i/processing_system7_0/inst/buffer_fclk_clk_0.FCLK_CLK_0_BUFG/O
                         net (fo=33, routed)          1.272    22.131    design_1_i/Blinky_0/U0/sysclk
    SLICE_X112Y90        FDRE                                         r  design_1_i/Blinky_0/U0/ctr_reg_reg[2]/C
                         clock pessimism              0.230    22.361    
                         clock uncertainty           -0.302    22.059    
    SLICE_X112Y90        FDRE (Setup_fdre_C_R)       -0.500    21.559    design_1_i/Blinky_0/U0/ctr_reg_reg[2]
  -------------------------------------------------------------------
                         required time                         21.559    
                         arrival time                          -5.324    
  -------------------------------------------------------------------
                         slack                                 16.235    

Slack (MET) :             16.235ns  (required time - arrival time)
  Source:                 design_1_i/Blinky_0/U0/ctr_reg_reg[3]/C
                            (rising edge-triggered cell FDRE clocked by clk_fpga_0  {rise@0.000ns fall@10.000ns period=20.000ns})
  Destination:            design_1_i/Blinky_0/U0/ctr_reg_reg[3]/R
                            (rising edge-triggered cell FDRE clocked by clk_fpga_0  {rise@0.000ns fall@10.000ns period=20.000ns})
  Path Group:             clk_fpga_0
  Path Type:              Setup (Max at Slow Process Corner)
  Requirement:            20.000ns  (clk_fpga_0 rise@20.000ns - clk_fpga_0 rise@0.000ns)
  Data Path Delay:        2.963ns  (logic 1.328ns (44.822%)  route 1.635ns (55.178%))
  Logic Levels:           6  (CARRY4=5 LUT2=1)
  Clock Path Skew:        0.000ns (DCD - SCD + CPR)
    Destination Clock Delay (DCD):    2.131ns = ( 22.131 - 20.000 ) 
    Source Clock Delay      (SCD):    2.361ns
    Clock Pessimism Removal (CPR):    0.230ns
  Clock Uncertainty:      0.302ns  ((TSJ^2 + TIJ^2)^1/2 + DJ) / 2 + PE
    Total System Jitter     (TSJ):    0.071ns
    Total Input Jitter      (TIJ):    0.600ns
    Discrete Jitter          (DJ):    0.000ns
    Phase Error              (PE):    0.000ns

    Location             Delay type                Incr(ns)  Path(ns)    Netlist Resource(s)
  -------------------------------------------------------------------    -------------------
                         (clock clk_fpga_0 rise edge)
                                                      0.000     0.000 r  
    PS7_X0Y0             PS7                          0.000     0.000 r  design_1_i/processing_system7_0/inst/PS7_i/FCLKCLK[0]
                         net (fo=1, routed)           0.863     0.863    design_1_i/processing_system7_0/inst/FCLK_CLK_unbuffered[0]
    BUFGCTRL_X0Y16       BUFG (Prop_bufg_I_O)         0.079     0.942 r  design_1_i/processing_system7_0/inst/buffer_fclk_clk_0.FCLK_CLK_0_BUFG/O
                         net (fo=33, routed)          1.419     2.361    design_1_i/Blinky_0/U0/sysclk
    SLICE_X112Y90        FDRE                                         r  design_1_i/Blinky_0/U0/ctr_reg_reg[3]/C
  -------------------------------------------------------------------    -------------------
    SLICE_X112Y90        FDRE (Prop_fdre_C_Q)         0.393     2.754 r  design_1_i/Blinky_0/U0/ctr_reg_reg[3]/Q
                         net (fo=3, routed)           0.596     3.350    design_1_i/Blinky_0/U0/ctr_reg_reg[3]
    SLICE_X113Y91        LUT2 (Prop_lut2_I1_O)        0.097     3.447 r  design_1_i/Blinky_0/U0/ctr_reg1_carry_i_7/O
                         net (fo=1, routed)           0.000     3.447    design_1_i/Blinky_0/U0/ctr_reg1_carry_i_7_n_0
    SLICE_X113Y91        CARRY4 (Prop_carry4_S[1]_CO[3])
                                                      0.412     3.859 r  design_1_i/Blinky_0/U0/ctr_reg1_carry/CO[3]
                         net (fo=1, routed)           0.000     3.859    design_1_i/Blinky_0/U0/ctr_reg1_carry_n_0
    SLICE_X113Y92        CARRY4 (Prop_carry4_CI_CO[3])
                                                      0.089     3.948 r  design_1_i/Blinky_0/U0/ctr_reg1_carry__0/CO[3]
                         net (fo=1, routed)           0.000     3.948    design_1_i/Blinky_0/U0/ctr_reg1_carry__0_n_0
    SLICE_X113Y93        CARRY4 (Prop_carry4_CI_CO[3])
                                                      0.089     4.037 r  design_1_i/Blinky_0/U0/ctr_reg1_carry__1/CO[3]
                         net (fo=1, routed)           0.000     4.037    design_1_i/Blinky_0/U0/ctr_reg1_carry__1_n_0
    SLICE_X113Y94        CARRY4 (Prop_carry4_CI_CO[3])
                                                      0.089     4.126 r  design_1_i/Blinky_0/U0/ctr_reg1_carry__2/CO[3]
                         net (fo=1, routed)           0.000     4.126    design_1_i/Blinky_0/U0/ctr_reg1
    SLICE_X113Y95        CARRY4 (Prop_carry4_CI_O[0])
                                                      0.159     4.285 r  design_1_i/Blinky_0/U0/ctr_reg1_carry__3/O[0]
                         net (fo=33, routed)          1.039     5.324    design_1_i/Blinky_0/U0/clear
    SLICE_X112Y90        FDRE                                         r  design_1_i/Blinky_0/U0/ctr_reg_reg[3]/R
  -------------------------------------------------------------------    -------------------

                         (clock clk_fpga_0 rise edge)
                                                     20.000    20.000 r  
    PS7_X0Y0             PS7                          0.000    20.000 r  design_1_i/processing_system7_0/inst/PS7_i/FCLKCLK[0]
                         net (fo=1, routed)           0.786    20.786    design_1_i/processing_system7_0/inst/FCLK_CLK_unbuffered[0]
    BUFGCTRL_X0Y16       BUFG (Prop_bufg_I_O)         0.072    20.858 r  design_1_i/processing_system7_0/inst/buffer_fclk_clk_0.FCLK_CLK_0_BUFG/O
                         net (fo=33, routed)          1.272    22.131    design_1_i/Blinky_0/U0/sysclk
    SLICE_X112Y90        FDRE                                         r  design_1_i/Blinky_0/U0/ctr_reg_reg[3]/C
                         clock pessimism              0.230    22.361    
                         clock uncertainty           -0.302    22.059    
    SLICE_X112Y90        FDRE (Setup_fdre_C_R)       -0.500    21.559    design_1_i/Blinky_0/U0/ctr_reg_reg[3]
  -------------------------------------------------------------------
                         required time                         21.559    
                         arrival time                          -5.324    
  -------------------------------------------------------------------
                         slack                                 16.235    

Slack (MET) :             16.306ns  (required time - arrival time)
  Source:                 design_1_i/Blinky_0/U0/ctr_reg_reg[3]/C
                            (rising edge-triggered cell FDRE clocked by clk_fpga_0  {rise@0.000ns fall@10.000ns period=20.000ns})
  Destination:            design_1_i/Blinky_0/U0/ctr_reg_reg[4]/R
                            (rising edge-triggered cell FDRE clocked by clk_fpga_0  {rise@0.000ns fall@10.000ns period=20.000ns})
  Path Group:             clk_fpga_0
  Path Type:              Setup (Max at Slow Process Corner)
  Requirement:            20.000ns  (clk_fpga_0 rise@20.000ns - clk_fpga_0 rise@0.000ns)
  Data Path Delay:        2.867ns  (logic 1.328ns (46.325%)  route 1.539ns (53.675%))
  Logic Levels:           6  (CARRY4=5 LUT2=1)
  Clock Path Skew:        -0.025ns (DCD - SCD + CPR)
    Destination Clock Delay (DCD):    2.131ns = ( 22.131 - 20.000 ) 
    Source Clock Delay      (SCD):    2.361ns
    Clock Pessimism Removal (CPR):    0.205ns
  Clock Uncertainty:      0.302ns  ((TSJ^2 + TIJ^2)^1/2 + DJ) / 2 + PE
    Total System Jitter     (TSJ):    0.071ns
    Total Input Jitter      (TIJ):    0.600ns
    Discrete Jitter          (DJ):    0.000ns
    Phase Error              (PE):    0.000ns

    Location             Delay type                Incr(ns)  Path(ns)    Netlist Resource(s)
  -------------------------------------------------------------------    -------------------
                         (clock clk_fpga_0 rise edge)
                                                      0.000     0.000 r  
    PS7_X0Y0             PS7                          0.000     0.000 r  design_1_i/processing_system7_0/inst/PS7_i/FCLKCLK[0]
                         net (fo=1, routed)           0.863     0.863    design_1_i/processing_system7_0/inst/FCLK_CLK_unbuffered[0]
    BUFGCTRL_X0Y16       BUFG (Prop_bufg_I_O)         0.079     0.942 r  design_1_i/processing_system7_0/inst/buffer_fclk_clk_0.FCLK_CLK_0_BUFG/O
                         net (fo=33, routed)          1.419     2.361    design_1_i/Blinky_0/U0/sysclk
    SLICE_X112Y90        FDRE                                         r  design_1_i/Blinky_0/U0/ctr_reg_reg[3]/C
  -------------------------------------------------------------------    -------------------
    SLICE_X112Y90        FDRE (Prop_fdre_C_Q)         0.393     2.754 r  design_1_i/Blinky_0/U0/ctr_reg_reg[3]/Q
                         net (fo=3, routed)           0.596     3.350    design_1_i/Blinky_0/U0/ctr_reg_reg[3]
    SLICE_X113Y91        LUT2 (Prop_lut2_I1_O)        0.097     3.447 r  design_1_i/Blinky_0/U0/ctr_reg1_carry_i_7/O
                         net (fo=1, routed)           0.000     3.447    design_1_i/Blinky_0/U0/ctr_reg1_carry_i_7_n_0
    SLICE_X113Y91        CARRY4 (Prop_carry4_S[1]_CO[3])
                                                      0.412     3.859 r  design_1_i/Blinky_0/U0/ctr_reg1_carry/CO[3]
                         net (fo=1, routed)           0.000     3.859    design_1_i/Blinky_0/U0/ctr_reg1_carry_n_0
    SLICE_X113Y92        CARRY4 (Prop_carry4_CI_CO[3])
                                                      0.089     3.948 r  design_1_i/Blinky_0/U0/ctr_reg1_carry__0/CO[3]
                         net (fo=1, routed)           0.000     3.948    design_1_i/Blinky_0/U0/ctr_reg1_carry__0_n_0
    SLICE_X113Y93        CARRY4 (Prop_carry4_CI_CO[3])
                                                      0.089     4.037 r  design_1_i/Blinky_0/U0/ctr_reg1_carry__1/CO[3]
                         net (fo=1, routed)           0.000     4.037    design_1_i/Blinky_0/U0/ctr_reg1_carry__1_n_0
    SLICE_X113Y94        CARRY4 (Prop_carry4_CI_CO[3])
                                                      0.089     4.126 r  design_1_i/Blinky_0/U0/ctr_reg1_carry__2/CO[3]
                         net (fo=1, routed)           0.000     4.126    design_1_i/Blinky_0/U0/ctr_reg1
    SLICE_X113Y95        CARRY4 (Prop_carry4_CI_O[0])
                                                      0.159     4.285 r  design_1_i/Blinky_0/U0/ctr_reg1_carry__3/O[0]
                         net (fo=33, routed)          0.943     5.228    design_1_i/Blinky_0/U0/clear
    SLICE_X112Y91        FDRE                                         r  design_1_i/Blinky_0/U0/ctr_reg_reg[4]/R
  -------------------------------------------------------------------    -------------------

                         (clock clk_fpga_0 rise edge)
                                                     20.000    20.000 r  
    PS7_X0Y0             PS7                          0.000    20.000 r  design_1_i/processing_system7_0/inst/PS7_i/FCLKCLK[0]
                         net (fo=1, routed)           0.786    20.786    design_1_i/processing_system7_0/inst/FCLK_CLK_unbuffered[0]
    BUFGCTRL_X0Y16       BUFG (Prop_bufg_I_O)         0.072    20.858 r  design_1_i/processing_system7_0/inst/buffer_fclk_clk_0.FCLK_CLK_0_BUFG/O
                         net (fo=33, routed)          1.272    22.131    design_1_i/Blinky_0/U0/sysclk
    SLICE_X112Y91        FDRE                                         r  design_1_i/Blinky_0/U0/ctr_reg_reg[4]/C
                         clock pessimism              0.205    22.336    
                         clock uncertainty           -0.302    22.034    
    SLICE_X112Y91        FDRE (Setup_fdre_C_R)       -0.500    21.534    design_1_i/Blinky_0/U0/ctr_reg_reg[4]
  -------------------------------------------------------------------
                         required time                         21.534    
                         arrival time                          -5.228    
  -------------------------------------------------------------------
                         slack                                 16.306    

Slack (MET) :             16.306ns  (required time - arrival time)
  Source:                 design_1_i/Blinky_0/U0/ctr_reg_reg[3]/C
                            (rising edge-triggered cell FDRE clocked by clk_fpga_0  {rise@0.000ns fall@10.000ns period=20.000ns})
  Destination:            design_1_i/Blinky_0/U0/ctr_reg_reg[5]/R
                            (rising edge-triggered cell FDRE clocked by clk_fpga_0  {rise@0.000ns fall@10.000ns period=20.000ns})
  Path Group:             clk_fpga_0
  Path Type:              Setup (Max at Slow Process Corner)
  Requirement:            20.000ns  (clk_fpga_0 rise@20.000ns - clk_fpga_0 rise@0.000ns)
  Data Path Delay:        2.867ns  (logic 1.328ns (46.325%)  route 1.539ns (53.675%))
  Logic Levels:           6  (CARRY4=5 LUT2=1)
  Clock Path Skew:        -0.025ns (DCD - SCD + CPR)
    Destination Clock Delay (DCD):    2.131ns = ( 22.131 - 20.000 ) 
    Source Clock Delay      (SCD):    2.361ns
    Clock Pessimism Removal (CPR):    0.205ns
  Clock Uncertainty:      0.302ns  ((TSJ^2 + TIJ^2)^1/2 + DJ) / 2 + PE
    Total System Jitter     (TSJ):    0.071ns
    Total Input Jitter      (TIJ):    0.600ns
    Discrete Jitter          (DJ):    0.000ns
    Phase Error              (PE):    0.000ns

    Location             Delay type                Incr(ns)  Path(ns)    Netlist Resource(s)
  -------------------------------------------------------------------    -------------------
                         (clock clk_fpga_0 rise edge)
                                                      0.000     0.000 r  
    PS7_X0Y0             PS7                          0.000     0.000 r  design_1_i/processing_system7_0/inst/PS7_i/FCLKCLK[0]
                         net (fo=1, routed)           0.863     0.863    design_1_i/processing_system7_0/inst/FCLK_CLK_unbuffered[0]
    BUFGCTRL_X0Y16       BUFG (Prop_bufg_I_O)         0.079     0.942 r  design_1_i/processing_system7_0/inst/buffer_fclk_clk_0.FCLK_CLK_0_BUFG/O
                         net (fo=33, routed)          1.419     2.361    design_1_i/Blinky_0/U0/sysclk
    SLICE_X112Y90        FDRE                                         r  design_1_i/Blinky_0/U0/ctr_reg_reg[3]/C
  -------------------------------------------------------------------    -------------------
    SLICE_X112Y90        FDRE (Prop_fdre_C_Q)         0.393     2.754 r  design_1_i/Blinky_0/U0/ctr_reg_reg[3]/Q
                         net (fo=3, routed)           0.596     3.350    design_1_i/Blinky_0/U0/ctr_reg_reg[3]
    SLICE_X113Y91        LUT2 (Prop_lut2_I1_O)        0.097     3.447 r  design_1_i/Blinky_0/U0/ctr_reg1_carry_i_7/O
                         net (fo=1, routed)           0.000     3.447    design_1_i/Blinky_0/U0/ctr_reg1_carry_i_7_n_0
    SLICE_X113Y91        CARRY4 (Prop_carry4_S[1]_CO[3])
                                                      0.412     3.859 r  design_1_i/Blinky_0/U0/ctr_reg1_carry/CO[3]
                         net (fo=1, routed)           0.000     3.859    design_1_i/Blinky_0/U0/ctr_reg1_carry_n_0
    SLICE_X113Y92        CARRY4 (Prop_carry4_CI_CO[3])
                                                      0.089     3.948 r  design_1_i/Blinky_0/U0/ctr_reg1_carry__0/CO[3]
                         net (fo=1, routed)           0.000     3.948    design_1_i/Blinky_0/U0/ctr_reg1_carry__0_n_0
    SLICE_X113Y93        CARRY4 (Prop_carry4_CI_CO[3])
                                                      0.089     4.037 r  design_1_i/Blinky_0/U0/ctr_reg1_carry__1/CO[3]
                         net (fo=1, routed)           0.000     4.037    design_1_i/Blinky_0/U0/ctr_reg1_carry__1_n_0
    SLICE_X113Y94        CARRY4 (Prop_carry4_CI_CO[3])
                                                      0.089     4.126 r  design_1_i/Blinky_0/U0/ctr_reg1_carry__2/CO[3]
                         net (fo=1, routed)           0.000     4.126    design_1_i/Blinky_0/U0/ctr_reg1
    SLICE_X113Y95        CARRY4 (Prop_carry4_CI_O[0])
                                                      0.159     4.285 r  design_1_i/Blinky_0/U0/ctr_reg1_carry__3/O[0]
                         net (fo=33, routed)          0.943     5.228    design_1_i/Blinky_0/U0/clear
    SLICE_X112Y91        FDRE                                         r  design_1_i/Blinky_0/U0/ctr_reg_reg[5]/R
  -------------------------------------------------------------------    -------------------

                         (clock clk_fpga_0 rise edge)
                                                     20.000    20.000 r  
    PS7_X0Y0             PS7                          0.000    20.000 r  design_1_i/processing_system7_0/inst/PS7_i/FCLKCLK[0]
                         net (fo=1, routed)           0.786    20.786    design_1_i/processing_system7_0/inst/FCLK_CLK_unbuffered[0]
    BUFGCTRL_X0Y16       BUFG (Prop_bufg_I_O)         0.072    20.858 r  design_1_i/processing_system7_0/inst/buffer_fclk_clk_0.FCLK_CLK_0_BUFG/O
                         net (fo=33, routed)          1.272    22.131    design_1_i/Blinky_0/U0/sysclk
    SLICE_X112Y91        FDRE                                         r  design_1_i/Blinky_0/U0/ctr_reg_reg[5]/C
                         clock pessimism              0.205    22.336    
                         clock uncertainty           -0.302    22.034    
    SLICE_X112Y91        FDRE (Setup_fdre_C_R)       -0.500    21.534    design_1_i/Blinky_0/U0/ctr_reg_reg[5]
  -------------------------------------------------------------------
                         required time                         21.534    
                         arrival time                          -5.228    
  -------------------------------------------------------------------
                         slack                                 16.306    

Slack (MET) :             16.306ns  (required time - arrival time)
  Source:                 design_1_i/Blinky_0/U0/ctr_reg_reg[3]/C
                            (rising edge-triggered cell FDRE clocked by clk_fpga_0  {rise@0.000ns fall@10.000ns period=20.000ns})
  Destination:            design_1_i/Blinky_0/U0/ctr_reg_reg[6]/R
                            (rising edge-triggered cell FDRE clocked by clk_fpga_0  {rise@0.000ns fall@10.000ns period=20.000ns})
  Path Group:             clk_fpga_0
  Path Type:              Setup (Max at Slow Process Corner)
  Requirement:            20.000ns  (clk_fpga_0 rise@20.000ns - clk_fpga_0 rise@0.000ns)
  Data Path Delay:        2.867ns  (logic 1.328ns (46.325%)  route 1.539ns (53.675%))
  Logic Levels:           6  (CARRY4=5 LUT2=1)
  Clock Path Skew:        -0.025ns (DCD - SCD + CPR)
    Destination Clock Delay (DCD):    2.131ns = ( 22.131 - 20.000 ) 
    Source Clock Delay      (SCD):    2.361ns
    Clock Pessimism Removal (CPR):    0.205ns
  Clock Uncertainty:      0.302ns  ((TSJ^2 + TIJ^2)^1/2 + DJ) / 2 + PE
    Total System Jitter     (TSJ):    0.071ns
    Total Input Jitter      (TIJ):    0.600ns
    Discrete Jitter          (DJ):    0.000ns
    Phase Error              (PE):    0.000ns

    Location             Delay type                Incr(ns)  Path(ns)    Netlist Resource(s)
  -------------------------------------------------------------------    -------------------
                         (clock clk_fpga_0 rise edge)
                                                      0.000     0.000 r  
    PS7_X0Y0             PS7                          0.000     0.000 r  design_1_i/processing_system7_0/inst/PS7_i/FCLKCLK[0]
                         net (fo=1, routed)           0.863     0.863    design_1_i/processing_system7_0/inst/FCLK_CLK_unbuffered[0]
    BUFGCTRL_X0Y16       BUFG (Prop_bufg_I_O)         0.079     0.942 r  design_1_i/processing_system7_0/inst/buffer_fclk_clk_0.FCLK_CLK_0_BUFG/O
                         net (fo=33, routed)          1.419     2.361    design_1_i/Blinky_0/U0/sysclk
    SLICE_X112Y90        FDRE                                         r  design_1_i/Blinky_0/U0/ctr_reg_reg[3]/C
  -------------------------------------------------------------------    -------------------
    SLICE_X112Y90        FDRE (Prop_fdre_C_Q)         0.393     2.754 r  design_1_i/Blinky_0/U0/ctr_reg_reg[3]/Q
                         net (fo=3, routed)           0.596     3.350    design_1_i/Blinky_0/U0/ctr_reg_reg[3]
    SLICE_X113Y91        LUT2 (Prop_lut2_I1_O)        0.097     3.447 r  design_1_i/Blinky_0/U0/ctr_reg1_carry_i_7/O
                         net (fo=1, routed)           0.000     3.447    design_1_i/Blinky_0/U0/ctr_reg1_carry_i_7_n_0
    SLICE_X113Y91        CARRY4 (Prop_carry4_S[1]_CO[3])
                                                      0.412     3.859 r  design_1_i/Blinky_0/U0/ctr_reg1_carry/CO[3]
                         net (fo=1, routed)           0.000     3.859    design_1_i/Blinky_0/U0/ctr_reg1_carry_n_0
    SLICE_X113Y92        CARRY4 (Prop_carry4_CI_CO[3])
                                                      0.089     3.948 r  design_1_i/Blinky_0/U0/ctr_reg1_carry__0/CO[3]
                         net (fo=1, routed)           0.000     3.948    design_1_i/Blinky_0/U0/ctr_reg1_carry__0_n_0
    SLICE_X113Y93        CARRY4 (Prop_carry4_CI_CO[3])
                                                      0.089     4.037 r  design_1_i/Blinky_0/U0/ctr_reg1_carry__1/CO[3]
                         net (fo=1, routed)           0.000     4.037    design_1_i/Blinky_0/U0/ctr_reg1_carry__1_n_0
    SLICE_X113Y94        CARRY4 (Prop_carry4_CI_CO[3])
                                                      0.089     4.126 r  design_1_i/Blinky_0/U0/ctr_reg1_carry__2/CO[3]
                         net (fo=1, routed)           0.000     4.126    design_1_i/Blinky_0/U0/ctr_reg1
    SLICE_X113Y95        CARRY4 (Prop_carry4_CI_O[0])
                                                      0.159     4.285 r  design_1_i/Blinky_0/U0/ctr_reg1_carry__3/O[0]
                         net (fo=33, routed)          0.943     5.228    design_1_i/Blinky_0/U0/clear
    SLICE_X112Y91        FDRE                                         r  design_1_i/Blinky_0/U0/ctr_reg_reg[6]/R
  -------------------------------------------------------------------    -------------------

                         (clock clk_fpga_0 rise edge)
                                                     20.000    20.000 r  
    PS7_X0Y0             PS7                          0.000    20.000 r  design_1_i/processing_system7_0/inst/PS7_i/FCLKCLK[0]
                         net (fo=1, routed)           0.786    20.786    design_1_i/processing_system7_0/inst/FCLK_CLK_unbuffered[0]
    BUFGCTRL_X0Y16       BUFG (Prop_bufg_I_O)         0.072    20.858 r  design_1_i/processing_system7_0/inst/buffer_fclk_clk_0.FCLK_CLK_0_BUFG/O
                         net (fo=33, routed)          1.272    22.131    design_1_i/Blinky_0/U0/sysclk
    SLICE_X112Y91        FDRE                                         r  design_1_i/Blinky_0/U0/ctr_reg_reg[6]/C
                         clock pessimism              0.205    22.336    
                         clock uncertainty           -0.302    22.034    
    SLICE_X112Y91        FDRE (Setup_fdre_C_R)       -0.500    21.534    design_1_i/Blinky_0/U0/ctr_reg_reg[6]
  -------------------------------------------------------------------
                         required time                         21.534    
                         arrival time                          -5.228    
  -------------------------------------------------------------------
                         slack                                 16.306    

Slack (MET) :             16.306ns  (required time - arrival time)
  Source:                 design_1_i/Blinky_0/U0/ctr_reg_reg[3]/C
                            (rising edge-triggered cell FDRE clocked by clk_fpga_0  {rise@0.000ns fall@10.000ns period=20.000ns})
  Destination:            design_1_i/Blinky_0/U0/ctr_reg_reg[7]/R
                            (rising edge-triggered cell FDRE clocked by clk_fpga_0  {rise@0.000ns fall@10.000ns period=20.000ns})
  Path Group:             clk_fpga_0
  Path Type:              Setup (Max at Slow Process Corner)
  Requirement:            20.000ns  (clk_fpga_0 rise@20.000ns - clk_fpga_0 rise@0.000ns)
  Data Path Delay:        2.867ns  (logic 1.328ns (46.325%)  route 1.539ns (53.675%))
  Logic Levels:           6  (CARRY4=5 LUT2=1)
  Clock Path Skew:        -0.025ns (DCD - SCD + CPR)
    Destination Clock Delay (DCD):    2.131ns = ( 22.131 - 20.000 ) 
    Source Clock Delay      (SCD):    2.361ns
    Clock Pessimism Removal (CPR):    0.205ns
  Clock Uncertainty:      0.302ns  ((TSJ^2 + TIJ^2)^1/2 + DJ) / 2 + PE
    Total System Jitter     (TSJ):    0.071ns
    Total Input Jitter      (TIJ):    0.600ns
    Discrete Jitter          (DJ):    0.000ns
    Phase Error              (PE):    0.000ns

    Location             Delay type                Incr(ns)  Path(ns)    Netlist Resource(s)
  -------------------------------------------------------------------    -------------------
                         (clock clk_fpga_0 rise edge)
                                                      0.000     0.000 r  
    PS7_X0Y0             PS7                          0.000     0.000 r  design_1_i/processing_system7_0/inst/PS7_i/FCLKCLK[0]
                         net (fo=1, routed)           0.863     0.863    design_1_i/processing_system7_0/inst/FCLK_CLK_unbuffered[0]
    BUFGCTRL_X0Y16       BUFG (Prop_bufg_I_O)         0.079     0.942 r  design_1_i/processing_system7_0/inst/buffer_fclk_clk_0.FCLK_CLK_0_BUFG/O
                         net (fo=33, routed)          1.419     2.361    design_1_i/Blinky_0/U0/sysclk
    SLICE_X112Y90        FDRE                                         r  design_1_i/Blinky_0/U0/ctr_reg_reg[3]/C
  -------------------------------------------------------------------    -------------------
    SLICE_X112Y90        FDRE (Prop_fdre_C_Q)         0.393     2.754 r  design_1_i/Blinky_0/U0/ctr_reg_reg[3]/Q
                         net (fo=3, routed)           0.596     3.350    design_1_i/Blinky_0/U0/ctr_reg_reg[3]
    SLICE_X113Y91        LUT2 (Prop_lut2_I1_O)        0.097     3.447 r  design_1_i/Blinky_0/U0/ctr_reg1_carry_i_7/O
                         net (fo=1, routed)           0.000     3.447    design_1_i/Blinky_0/U0/ctr_reg1_carry_i_7_n_0
    SLICE_X113Y91        CARRY4 (Prop_carry4_S[1]_CO[3])
                                                      0.412     3.859 r  design_1_i/Blinky_0/U0/ctr_reg1_carry/CO[3]
                         net (fo=1, routed)           0.000     3.859    design_1_i/Blinky_0/U0/ctr_reg1_carry_n_0
    SLICE_X113Y92        CARRY4 (Prop_carry4_CI_CO[3])
                                                      0.089     3.948 r  design_1_i/Blinky_0/U0/ctr_reg1_carry__0/CO[3]
                         net (fo=1, routed)           0.000     3.948    design_1_i/Blinky_0/U0/ctr_reg1_carry__0_n_0
    SLICE_X113Y93        CARRY4 (Prop_carry4_CI_CO[3])
                                                      0.089     4.037 r  design_1_i/Blinky_0/U0/ctr_reg1_carry__1/CO[3]
                         net (fo=1, routed)           0.000     4.037    design_1_i/Blinky_0/U0/ctr_reg1_carry__1_n_0
    SLICE_X113Y94        CARRY4 (Prop_carry4_CI_CO[3])
                                                      0.089     4.126 r  design_1_i/Blinky_0/U0/ctr_reg1_carry__2/CO[3]
                         net (fo=1, routed)           0.000     4.126    design_1_i/Blinky_0/U0/ctr_reg1
    SLICE_X113Y95        CARRY4 (Prop_carry4_CI_O[0])
                                                      0.159     4.285 r  design_1_i/Blinky_0/U0/ctr_reg1_carry__3/O[0]
                         net (fo=33, routed)          0.943     5.228    design_1_i/Blinky_0/U0/clear
    SLICE_X112Y91        FDRE                                         r  design_1_i/Blinky_0/U0/ctr_reg_reg[7]/R
  -------------------------------------------------------------------    -------------------

                         (clock clk_fpga_0 rise edge)
                                                     20.000    20.000 r  
    PS7_X0Y0             PS7                          0.000    20.000 r  design_1_i/processing_system7_0/inst/PS7_i/FCLKCLK[0]
                         net (fo=1, routed)           0.786    20.786    design_1_i/processing_system7_0/inst/FCLK_CLK_unbuffered[0]
    BUFGCTRL_X0Y16       BUFG (Prop_bufg_I_O)         0.072    20.858 r  design_1_i/processing_system7_0/inst/buffer_fclk_clk_0.FCLK_CLK_0_BUFG/O
                         net (fo=33, routed)          1.272    22.131    design_1_i/Blinky_0/U0/sysclk
    SLICE_X112Y91        FDRE                                         r  design_1_i/Blinky_0/U0/ctr_reg_reg[7]/C
                         clock pessimism              0.205    22.336    
                         clock uncertainty           -0.302    22.034    
    SLICE_X112Y91        FDRE (Setup_fdre_C_R)       -0.500    21.534    design_1_i/Blinky_0/U0/ctr_reg_reg[7]
  -------------------------------------------------------------------
                         required time                         21.534    
                         arrival time                          -5.228    
  -------------------------------------------------------------------
                         slack                                 16.306    

Slack (MET) :             16.410ns  (required time - arrival time)
  Source:                 design_1_i/Blinky_0/U0/ctr_reg_reg[3]/C
                            (rising edge-triggered cell FDRE clocked by clk_fpga_0  {rise@0.000ns fall@10.000ns period=20.000ns})
  Destination:            design_1_i/Blinky_0/U0/ctr_reg_reg[16]/R
                            (rising edge-triggered cell FDRE clocked by clk_fpga_0  {rise@0.000ns fall@10.000ns period=20.000ns})
  Path Group:             clk_fpga_0
  Path Type:              Setup (Max at Slow Process Corner)
  Requirement:            20.000ns  (clk_fpga_0 rise@20.000ns - clk_fpga_0 rise@0.000ns)
  Data Path Delay:        2.764ns  (logic 1.328ns (48.045%)  route 1.436ns (51.955%))
  Logic Levels:           6  (CARRY4=5 LUT2=1)
  Clock Path Skew:        -0.024ns (DCD - SCD + CPR)
    Destination Clock Delay (DCD):    2.132ns = ( 22.132 - 20.000 ) 
    Source Clock Delay      (SCD):    2.361ns
    Clock Pessimism Removal (CPR):    0.205ns
  Clock Uncertainty:      0.302ns  ((TSJ^2 + TIJ^2)^1/2 + DJ) / 2 + PE
    Total System Jitter     (TSJ):    0.071ns
    Total Input Jitter      (TIJ):    0.600ns
    Discrete Jitter          (DJ):    0.000ns
    Phase Error              (PE):    0.000ns

    Location             Delay type                Incr(ns)  Path(ns)    Netlist Resource(s)
  -------------------------------------------------------------------    -------------------
                         (clock clk_fpga_0 rise edge)
                                                      0.000     0.000 r  
    PS7_X0Y0             PS7                          0.000     0.000 r  design_1_i/processing_system7_0/inst/PS7_i/FCLKCLK[0]
                         net (fo=1, routed)           0.863     0.863    design_1_i/processing_system7_0/inst/FCLK_CLK_unbuffered[0]
    BUFGCTRL_X0Y16       BUFG (Prop_bufg_I_O)         0.079     0.942 r  design_1_i/processing_system7_0/inst/buffer_fclk_clk_0.FCLK_CLK_0_BUFG/O
                         net (fo=33, routed)          1.419     2.361    design_1_i/Blinky_0/U0/sysclk
    SLICE_X112Y90        FDRE                                         r  design_1_i/Blinky_0/U0/ctr_reg_reg[3]/C
  -------------------------------------------------------------------    -------------------
    SLICE_X112Y90        FDRE (Prop_fdre_C_Q)         0.393     2.754 r  design_1_i/Blinky_0/U0/ctr_reg_reg[3]/Q
                         net (fo=3, routed)           0.596     3.350    design_1_i/Blinky_0/U0/ctr_reg_reg[3]
    SLICE_X113Y91        LUT2 (Prop_lut2_I1_O)        0.097     3.447 r  design_1_i/Blinky_0/U0/ctr_reg1_carry_i_7/O
                         net (fo=1, routed)           0.000     3.447    design_1_i/Blinky_0/U0/ctr_reg1_carry_i_7_n_0
    SLICE_X113Y91        CARRY4 (Prop_carry4_S[1]_CO[3])
                                                      0.412     3.859 r  design_1_i/Blinky_0/U0/ctr_reg1_carry/CO[3]
                         net (fo=1, routed)           0.000     3.859    design_1_i/Blinky_0/U0/ctr_reg1_carry_n_0
    SLICE_X113Y92        CARRY4 (Prop_carry4_CI_CO[3])
                                                      0.089     3.948 r  design_1_i/Blinky_0/U0/ctr_reg1_carry__0/CO[3]
                         net (fo=1, routed)           0.000     3.948    design_1_i/Blinky_0/U0/ctr_reg1_carry__0_n_0
    SLICE_X113Y93        CARRY4 (Prop_carry4_CI_CO[3])
                                                      0.089     4.037 r  design_1_i/Blinky_0/U0/ctr_reg1_carry__1/CO[3]
                         net (fo=1, routed)           0.000     4.037    design_1_i/Blinky_0/U0/ctr_reg1_carry__1_n_0
    SLICE_X113Y94        CARRY4 (Prop_carry4_CI_CO[3])
                                                      0.089     4.126 r  design_1_i/Blinky_0/U0/ctr_reg1_carry__2/CO[3]
                         net (fo=1, routed)           0.000     4.126    design_1_i/Blinky_0/U0/ctr_reg1
    SLICE_X113Y95        CARRY4 (Prop_carry4_CI_O[0])
                                                      0.159     4.285 r  design_1_i/Blinky_0/U0/ctr_reg1_carry__3/O[0]
                         net (fo=33, routed)          0.840     5.125    design_1_i/Blinky_0/U0/clear
    SLICE_X112Y94        FDRE                                         r  design_1_i/Blinky_0/U0/ctr_reg_reg[16]/R
  -------------------------------------------------------------------    -------------------

                         (clock clk_fpga_0 rise edge)
                                                     20.000    20.000 r  
    PS7_X0Y0             PS7                          0.000    20.000 r  design_1_i/processing_system7_0/inst/PS7_i/FCLKCLK[0]
                         net (fo=1, routed)           0.786    20.786    design_1_i/processing_system7_0/inst/FCLK_CLK_unbuffered[0]
    BUFGCTRL_X0Y16       BUFG (Prop_bufg_I_O)         0.072    20.858 r  design_1_i/processing_system7_0/inst/buffer_fclk_clk_0.FCLK_CLK_0_BUFG/O
                         net (fo=33, routed)          1.273    22.132    design_1_i/Blinky_0/U0/sysclk
    SLICE_X112Y94        FDRE                                         r  design_1_i/Blinky_0/U0/ctr_reg_reg[16]/C
                         clock pessimism              0.205    22.337    
                         clock uncertainty           -0.302    22.035    
    SLICE_X112Y94        FDRE (Setup_fdre_C_R)       -0.500    21.535    design_1_i/Blinky_0/U0/ctr_reg_reg[16]
  -------------------------------------------------------------------
                         required time                         21.535    
                         arrival time                          -5.125    
  -------------------------------------------------------------------
                         slack                                 16.410    

Slack (MET) :             16.410ns  (required time - arrival time)
  Source:                 design_1_i/Blinky_0/U0/ctr_reg_reg[3]/C
                            (rising edge-triggered cell FDRE clocked by clk_fpga_0  {rise@0.000ns fall@10.000ns period=20.000ns})
  Destination:            design_1_i/Blinky_0/U0/ctr_reg_reg[17]/R
                            (rising edge-triggered cell FDRE clocked by clk_fpga_0  {rise@0.000ns fall@10.000ns period=20.000ns})
  Path Group:             clk_fpga_0
  Path Type:              Setup (Max at Slow Process Corner)
  Requirement:            20.000ns  (clk_fpga_0 rise@20.000ns - clk_fpga_0 rise@0.000ns)
  Data Path Delay:        2.764ns  (logic 1.328ns (48.045%)  route 1.436ns (51.955%))
  Logic Levels:           6  (CARRY4=5 LUT2=1)
  Clock Path Skew:        -0.024ns (DCD - SCD + CPR)
    Destination Clock Delay (DCD):    2.132ns = ( 22.132 - 20.000 ) 
    Source Clock Delay      (SCD):    2.361ns
    Clock Pessimism Removal (CPR):    0.205ns
  Clock Uncertainty:      0.302ns  ((TSJ^2 + TIJ^2)^1/2 + DJ) / 2 + PE
    Total System Jitter     (TSJ):    0.071ns
    Total Input Jitter      (TIJ):    0.600ns
    Discrete Jitter          (DJ):    0.000ns
    Phase Error              (PE):    0.000ns

    Location             Delay type                Incr(ns)  Path(ns)    Netlist Resource(s)
  -------------------------------------------------------------------    -------------------
                         (clock clk_fpga_0 rise edge)
                                                      0.000     0.000 r  
    PS7_X0Y0             PS7                          0.000     0.000 r  design_1_i/processing_system7_0/inst/PS7_i/FCLKCLK[0]
                         net (fo=1, routed)           0.863     0.863    design_1_i/processing_system7_0/inst/FCLK_CLK_unbuffered[0]
    BUFGCTRL_X0Y16       BUFG (Prop_bufg_I_O)         0.079     0.942 r  design_1_i/processing_system7_0/inst/buffer_fclk_clk_0.FCLK_CLK_0_BUFG/O
                         net (fo=33, routed)          1.419     2.361    design_1_i/Blinky_0/U0/sysclk
    SLICE_X112Y90        FDRE                                         r  design_1_i/Blinky_0/U0/ctr_reg_reg[3]/C
  -------------------------------------------------------------------    -------------------
    SLICE_X112Y90        FDRE (Prop_fdre_C_Q)         0.393     2.754 r  design_1_i/Blinky_0/U0/ctr_reg_reg[3]/Q
                         net (fo=3, routed)           0.596     3.350    design_1_i/Blinky_0/U0/ctr_reg_reg[3]
    SLICE_X113Y91        LUT2 (Prop_lut2_I1_O)        0.097     3.447 r  design_1_i/Blinky_0/U0/ctr_reg1_carry_i_7/O
                         net (fo=1, routed)           0.000     3.447    design_1_i/Blinky_0/U0/ctr_reg1_carry_i_7_n_0
    SLICE_X113Y91        CARRY4 (Prop_carry4_S[1]_CO[3])
                                                      0.412     3.859 r  design_1_i/Blinky_0/U0/ctr_reg1_carry/CO[3]
                         net (fo=1, routed)           0.000     3.859    design_1_i/Blinky_0/U0/ctr_reg1_carry_n_0
    SLICE_X113Y92        CARRY4 (Prop_carry4_CI_CO[3])
                                                      0.089     3.948 r  design_1_i/Blinky_0/U0/ctr_reg1_carry__0/CO[3]
                         net (fo=1, routed)           0.000     3.948    design_1_i/Blinky_0/U0/ctr_reg1_carry__0_n_0
    SLICE_X113Y93        CARRY4 (Prop_carry4_CI_CO[3])
                                                      0.089     4.037 r  design_1_i/Blinky_0/U0/ctr_reg1_carry__1/CO[3]
                         net (fo=1, routed)           0.000     4.037    design_1_i/Blinky_0/U0/ctr_reg1_carry__1_n_0
    SLICE_X113Y94        CARRY4 (Prop_carry4_CI_CO[3])
                                                      0.089     4.126 r  design_1_i/Blinky_0/U0/ctr_reg1_carry__2/CO[3]
                         net (fo=1, routed)           0.000     4.126    design_1_i/Blinky_0/U0/ctr_reg1
    SLICE_X113Y95        CARRY4 (Prop_carry4_CI_O[0])
                                                      0.159     4.285 r  design_1_i/Blinky_0/U0/ctr_reg1_carry__3/O[0]
                         net (fo=33, routed)          0.840     5.125    design_1_i/Blinky_0/U0/clear
    SLICE_X112Y94        FDRE                                         r  design_1_i/Blinky_0/U0/ctr_reg_reg[17]/R
  -------------------------------------------------------------------    -------------------

                         (clock clk_fpga_0 rise edge)
                                                     20.000    20.000 r  
    PS7_X0Y0             PS7                          0.000    20.000 r  design_1_i/processing_system7_0/inst/PS7_i/FCLKCLK[0]
                         net (fo=1, routed)           0.786    20.786    design_1_i/processing_system7_0/inst/FCLK_CLK_unbuffered[0]
    BUFGCTRL_X0Y16       BUFG (Prop_bufg_I_O)         0.072    20.858 r  design_1_i/processing_system7_0/inst/buffer_fclk_clk_0.FCLK_CLK_0_BUFG/O
                         net (fo=33, routed)          1.273    22.132    design_1_i/Blinky_0/U0/sysclk
    SLICE_X112Y94        FDRE                                         r  design_1_i/Blinky_0/U0/ctr_reg_reg[17]/C
                         clock pessimism              0.205    22.337    
                         clock uncertainty           -0.302    22.035    
    SLICE_X112Y94        FDRE (Setup_fdre_C_R)       -0.500    21.535    design_1_i/Blinky_0/U0/ctr_reg_reg[17]
  -------------------------------------------------------------------
                         required time                         21.535    
                         arrival time                          -5.125    
  -------------------------------------------------------------------
                         slack                                 16.410    





Min Delay Paths
--------------------------------------------------------------------------------------
Slack (MET) :             0.260ns  (arrival time - required time)
  Source:                 design_1_i/Blinky_0/U0/ctr_reg_reg[10]/C
                            (rising edge-triggered cell FDRE clocked by clk_fpga_0  {rise@0.000ns fall@10.000ns period=20.000ns})
  Destination:            design_1_i/Blinky_0/U0/ctr_reg_reg[10]/D
                            (rising edge-triggered cell FDRE clocked by clk_fpga_0  {rise@0.000ns fall@10.000ns period=20.000ns})
  Path Group:             clk_fpga_0
  Path Type:              Hold (Min at Fast Process Corner)
  Requirement:            0.000ns  (clk_fpga_0 rise@0.000ns - clk_fpga_0 rise@0.000ns)
  Data Path Delay:        0.394ns  (logic 0.274ns (69.458%)  route 0.120ns (30.542%))
  Logic Levels:           1  (CARRY4=1)
  Clock Path Skew:        0.000ns (DCD - SCD - CPR)
    Destination Clock Delay (DCD):    1.273ns
    Source Clock Delay      (SCD):    0.971ns
    Clock Pessimism Removal (CPR):    0.302ns

    Location             Delay type                Incr(ns)  Path(ns)    Netlist Resource(s)
  -------------------------------------------------------------------    -------------------
                         (clock clk_fpga_0 rise edge)
                                                      0.000     0.000 r  
    PS7_X0Y0             PS7                          0.000     0.000 r  design_1_i/processing_system7_0/inst/PS7_i/FCLKCLK[0]
                         net (fo=1, routed)           0.310     0.310    design_1_i/processing_system7_0/inst/FCLK_CLK_unbuffered[0]
    BUFGCTRL_X0Y16       BUFG (Prop_bufg_I_O)         0.026     0.336 r  design_1_i/processing_system7_0/inst/buffer_fclk_clk_0.FCLK_CLK_0_BUFG/O
                         net (fo=33, routed)          0.635     0.971    design_1_i/Blinky_0/U0/sysclk
    SLICE_X112Y92        FDRE                                         r  design_1_i/Blinky_0/U0/ctr_reg_reg[10]/C
  -------------------------------------------------------------------    -------------------
    SLICE_X112Y92        FDRE (Prop_fdre_C_Q)         0.164     1.135 r  design_1_i/Blinky_0/U0/ctr_reg_reg[10]/Q
                         net (fo=2, routed)           0.120     1.255    design_1_i/Blinky_0/U0/ctr_reg_reg[10]
    SLICE_X112Y92        CARRY4 (Prop_carry4_S[2]_O[2])
                                                      0.110     1.365 r  design_1_i/Blinky_0/U0/ctr_reg_reg[8]_i_1/O[2]
                         net (fo=1, routed)           0.000     1.365    design_1_i/Blinky_0/U0/ctr_reg_reg[8]_i_1_n_5
    SLICE_X112Y92        FDRE                                         r  design_1_i/Blinky_0/U0/ctr_reg_reg[10]/D
  -------------------------------------------------------------------    -------------------

                         (clock clk_fpga_0 rise edge)
                                                      0.000     0.000 r  
    PS7_X0Y0             PS7                          0.000     0.000 r  design_1_i/processing_system7_0/inst/PS7_i/FCLKCLK[0]
                         net (fo=1, routed)           0.337     0.337    design_1_i/processing_system7_0/inst/FCLK_CLK_unbuffered[0]
    BUFGCTRL_X0Y16       BUFG (Prop_bufg_I_O)         0.029     0.366 r  design_1_i/processing_system7_0/inst/buffer_fclk_clk_0.FCLK_CLK_0_BUFG/O
                         net (fo=33, routed)          0.907     1.273    design_1_i/Blinky_0/U0/sysclk
    SLICE_X112Y92        FDRE                                         r  design_1_i/Blinky_0/U0/ctr_reg_reg[10]/C
                         clock pessimism             -0.302     0.971    
    SLICE_X112Y92        FDRE (Hold_fdre_C_D)         0.134     1.105    design_1_i/Blinky_0/U0/ctr_reg_reg[10]
  -------------------------------------------------------------------
                         required time                         -1.105    
                         arrival time                           1.365    
  -------------------------------------------------------------------
                         slack                                  0.260    

Slack (MET) :             0.260ns  (arrival time - required time)
  Source:                 design_1_i/Blinky_0/U0/ctr_reg_reg[6]/C
                            (rising edge-triggered cell FDRE clocked by clk_fpga_0  {rise@0.000ns fall@10.000ns period=20.000ns})
  Destination:            design_1_i/Blinky_0/U0/ctr_reg_reg[6]/D
                            (rising edge-triggered cell FDRE clocked by clk_fpga_0  {rise@0.000ns fall@10.000ns period=20.000ns})
  Path Group:             clk_fpga_0
  Path Type:              Hold (Min at Fast Process Corner)
  Requirement:            0.000ns  (clk_fpga_0 rise@0.000ns - clk_fpga_0 rise@0.000ns)
  Data Path Delay:        0.394ns  (logic 0.274ns (69.458%)  route 0.120ns (30.542%))
  Logic Levels:           1  (CARRY4=1)
  Clock Path Skew:        0.000ns (DCD - SCD - CPR)
    Destination Clock Delay (DCD):    1.273ns
    Source Clock Delay      (SCD):    0.971ns
    Clock Pessimism Removal (CPR):    0.302ns

    Location             Delay type                Incr(ns)  Path(ns)    Netlist Resource(s)
  -------------------------------------------------------------------    -------------------
                         (clock clk_fpga_0 rise edge)
                                                      0.000     0.000 r  
    PS7_X0Y0             PS7                          0.000     0.000 r  design_1_i/processing_system7_0/inst/PS7_i/FCLKCLK[0]
                         net (fo=1, routed)           0.310     0.310    design_1_i/processing_system7_0/inst/FCLK_CLK_unbuffered[0]
    BUFGCTRL_X0Y16       BUFG (Prop_bufg_I_O)         0.026     0.336 r  design_1_i/processing_system7_0/inst/buffer_fclk_clk_0.FCLK_CLK_0_BUFG/O
                         net (fo=33, routed)          0.635     0.971    design_1_i/Blinky_0/U0/sysclk
    SLICE_X112Y91        FDRE                                         r  design_1_i/Blinky_0/U0/ctr_reg_reg[6]/C
  -------------------------------------------------------------------    -------------------
    SLICE_X112Y91        FDRE (Prop_fdre_C_Q)         0.164     1.135 r  design_1_i/Blinky_0/U0/ctr_reg_reg[6]/Q
                         net (fo=3, routed)           0.120     1.255    design_1_i/Blinky_0/U0/ctr_reg_reg[6]
    SLICE_X112Y91        CARRY4 (Prop_carry4_S[2]_O[2])
                                                      0.110     1.365 r  design_1_i/Blinky_0/U0/ctr_reg_reg[4]_i_1/O[2]
                         net (fo=1, routed)           0.000     1.365    design_1_i/Blinky_0/U0/ctr_reg_reg[4]_i_1_n_5
    SLICE_X112Y91        FDRE                                         r  design_1_i/Blinky_0/U0/ctr_reg_reg[6]/D
  -------------------------------------------------------------------    -------------------

                         (clock clk_fpga_0 rise edge)
                                                      0.000     0.000 r  
    PS7_X0Y0             PS7                          0.000     0.000 r  design_1_i/processing_system7_0/inst/PS7_i/FCLKCLK[0]
                         net (fo=1, routed)           0.337     0.337    design_1_i/processing_system7_0/inst/FCLK_CLK_unbuffered[0]
    BUFGCTRL_X0Y16       BUFG (Prop_bufg_I_O)         0.029     0.366 r  design_1_i/processing_system7_0/inst/buffer_fclk_clk_0.FCLK_CLK_0_BUFG/O
                         net (fo=33, routed)          0.907     1.273    design_1_i/Blinky_0/U0/sysclk
    SLICE_X112Y91        FDRE                                         r  design_1_i/Blinky_0/U0/ctr_reg_reg[6]/C
                         clock pessimism             -0.302     0.971    
    SLICE_X112Y91        FDRE (Hold_fdre_C_D)         0.134     1.105    design_1_i/Blinky_0/U0/ctr_reg_reg[6]
  -------------------------------------------------------------------
                         required time                         -1.105    
                         arrival time                           1.365    
  -------------------------------------------------------------------
                         slack                                  0.260    

Slack (MET) :             0.261ns  (arrival time - required time)
  Source:                 design_1_i/Blinky_0/U0/blinky_reg_reg/C
                            (rising edge-triggered cell FDRE clocked by clk_fpga_0  {rise@0.000ns fall@10.000ns period=20.000ns})
  Destination:            design_1_i/Blinky_0/U0/blinky_reg_reg/D
                            (rising edge-triggered cell FDRE clocked by clk_fpga_0  {rise@0.000ns fall@10.000ns period=20.000ns})
  Path Group:             clk_fpga_0
  Path Type:              Hold (Min at Fast Process Corner)
  Requirement:            0.000ns  (clk_fpga_0 rise@0.000ns - clk_fpga_0 rise@0.000ns)
  Data Path Delay:        0.352ns  (logic 0.186ns (52.794%)  route 0.166ns (47.206%))
  Logic Levels:           1  (LUT2=1)
  Clock Path Skew:        0.000ns (DCD - SCD - CPR)
    Destination Clock Delay (DCD):    1.274ns
    Source Clock Delay      (SCD):    0.972ns
    Clock Pessimism Removal (CPR):    0.302ns

    Location             Delay type                Incr(ns)  Path(ns)    Netlist Resource(s)
  -------------------------------------------------------------------    -------------------
                         (clock clk_fpga_0 rise edge)
                                                      0.000     0.000 r  
    PS7_X0Y0             PS7                          0.000     0.000 r  design_1_i/processing_system7_0/inst/PS7_i/FCLKCLK[0]
                         net (fo=1, routed)           0.310     0.310    design_1_i/processing_system7_0/inst/FCLK_CLK_unbuffered[0]
    BUFGCTRL_X0Y16       BUFG (Prop_bufg_I_O)         0.026     0.336 r  design_1_i/processing_system7_0/inst/buffer_fclk_clk_0.FCLK_CLK_0_BUFG/O
                         net (fo=33, routed)          0.636     0.972    design_1_i/Blinky_0/U0/sysclk
    SLICE_X111Y93        FDRE                                         r  design_1_i/Blinky_0/U0/blinky_reg_reg/C
  -------------------------------------------------------------------    -------------------
    SLICE_X111Y93        FDRE (Prop_fdre_C_Q)         0.141     1.113 r  design_1_i/Blinky_0/U0/blinky_reg_reg/Q
                         net (fo=2, routed)           0.166     1.279    design_1_i/Blinky_0/U0/blinky_o
    SLICE_X111Y93        LUT2 (Prop_lut2_I1_O)        0.045     1.324 r  design_1_i/Blinky_0/U0/blinky_reg_i_1/O
                         net (fo=1, routed)           0.000     1.324    design_1_i/Blinky_0/U0/blinky_reg_i_1_n_0
    SLICE_X111Y93        FDRE                                         r  design_1_i/Blinky_0/U0/blinky_reg_reg/D
  -------------------------------------------------------------------    -------------------

                         (clock clk_fpga_0 rise edge)
                                                      0.000     0.000 r  
    PS7_X0Y0             PS7                          0.000     0.000 r  design_1_i/processing_system7_0/inst/PS7_i/FCLKCLK[0]
                         net (fo=1, routed)           0.337     0.337    design_1_i/processing_system7_0/inst/FCLK_CLK_unbuffered[0]
    BUFGCTRL_X0Y16       BUFG (Prop_bufg_I_O)         0.029     0.366 r  design_1_i/processing_system7_0/inst/buffer_fclk_clk_0.FCLK_CLK_0_BUFG/O
                         net (fo=33, routed)          0.908     1.274    design_1_i/Blinky_0/U0/sysclk
    SLICE_X111Y93        FDRE                                         r  design_1_i/Blinky_0/U0/blinky_reg_reg/C
                         clock pessimism             -0.302     0.972    
    SLICE_X111Y93        FDRE (Hold_fdre_C_D)         0.091     1.063    design_1_i/Blinky_0/U0/blinky_reg_reg
  -------------------------------------------------------------------
                         required time                         -1.063    
                         arrival time                           1.324    
  -------------------------------------------------------------------
                         slack                                  0.261    

Slack (MET) :             0.262ns  (arrival time - required time)
  Source:                 design_1_i/Blinky_0/U0/ctr_reg_reg[14]/C
                            (rising edge-triggered cell FDRE clocked by clk_fpga_0  {rise@0.000ns fall@10.000ns period=20.000ns})
  Destination:            design_1_i/Blinky_0/U0/ctr_reg_reg[14]/D
                            (rising edge-triggered cell FDRE clocked by clk_fpga_0  {rise@0.000ns fall@10.000ns period=20.000ns})
  Path Group:             clk_fpga_0
  Path Type:              Hold (Min at Fast Process Corner)
  Requirement:            0.000ns  (clk_fpga_0 rise@0.000ns - clk_fpga_0 rise@0.000ns)
  Data Path Delay:        0.396ns  (logic 0.274ns (69.247%)  route 0.122ns (30.753%))
  Logic Levels:           1  (CARRY4=1)
  Clock Path Skew:        0.000ns (DCD - SCD - CPR)
    Destination Clock Delay (DCD):    1.274ns
    Source Clock Delay      (SCD):    0.972ns
    Clock Pessimism Removal (CPR):    0.302ns

    Location             Delay type                Incr(ns)  Path(ns)    Netlist Resource(s)
  -------------------------------------------------------------------    -------------------
                         (clock clk_fpga_0 rise edge)
                                                      0.000     0.000 r  
    PS7_X0Y0             PS7                          0.000     0.000 r  design_1_i/processing_system7_0/inst/PS7_i/FCLKCLK[0]
                         net (fo=1, routed)           0.310     0.310    design_1_i/processing_system7_0/inst/FCLK_CLK_unbuffered[0]
    BUFGCTRL_X0Y16       BUFG (Prop_bufg_I_O)         0.026     0.336 r  design_1_i/processing_system7_0/inst/buffer_fclk_clk_0.FCLK_CLK_0_BUFG/O
                         net (fo=33, routed)          0.636     0.972    design_1_i/Blinky_0/U0/sysclk
    SLICE_X112Y93        FDRE                                         r  design_1_i/Blinky_0/U0/ctr_reg_reg[14]/C
  -------------------------------------------------------------------    -------------------
    SLICE_X112Y93        FDRE (Prop_fdre_C_Q)         0.164     1.136 r  design_1_i/Blinky_0/U0/ctr_reg_reg[14]/Q
                         net (fo=3, routed)           0.122     1.257    design_1_i/Blinky_0/U0/ctr_reg_reg[14]
    SLICE_X112Y93        CARRY4 (Prop_carry4_S[2]_O[2])
                                                      0.110     1.367 r  design_1_i/Blinky_0/U0/ctr_reg_reg[12]_i_1/O[2]
                         net (fo=1, routed)           0.000     1.367    design_1_i/Blinky_0/U0/ctr_reg_reg[12]_i_1_n_5
    SLICE_X112Y93        FDRE                                         r  design_1_i/Blinky_0/U0/ctr_reg_reg[14]/D
  -------------------------------------------------------------------    -------------------

                         (clock clk_fpga_0 rise edge)
                                                      0.000     0.000 r  
    PS7_X0Y0             PS7                          0.000     0.000 r  design_1_i/processing_system7_0/inst/PS7_i/FCLKCLK[0]
                         net (fo=1, routed)           0.337     0.337    design_1_i/processing_system7_0/inst/FCLK_CLK_unbuffered[0]
    BUFGCTRL_X0Y16       BUFG (Prop_bufg_I_O)         0.029     0.366 r  design_1_i/processing_system7_0/inst/buffer_fclk_clk_0.FCLK_CLK_0_BUFG/O
                         net (fo=33, routed)          0.908     1.274    design_1_i/Blinky_0/U0/sysclk
    SLICE_X112Y93        FDRE                                         r  design_1_i/Blinky_0/U0/ctr_reg_reg[14]/C
                         clock pessimism             -0.302     0.972    
    SLICE_X112Y93        FDRE (Hold_fdre_C_D)         0.134     1.106    design_1_i/Blinky_0/U0/ctr_reg_reg[14]
  -------------------------------------------------------------------
                         required time                         -1.106    
                         arrival time                           1.367    
  -------------------------------------------------------------------
                         slack                                  0.262    

Slack (MET) :             0.262ns  (arrival time - required time)
  Source:                 design_1_i/Blinky_0/U0/ctr_reg_reg[18]/C
                            (rising edge-triggered cell FDRE clocked by clk_fpga_0  {rise@0.000ns fall@10.000ns period=20.000ns})
  Destination:            design_1_i/Blinky_0/U0/ctr_reg_reg[18]/D
                            (rising edge-triggered cell FDRE clocked by clk_fpga_0  {rise@0.000ns fall@10.000ns period=20.000ns})
  Path Group:             clk_fpga_0
  Path Type:              Hold (Min at Fast Process Corner)
  Requirement:            0.000ns  (clk_fpga_0 rise@0.000ns - clk_fpga_0 rise@0.000ns)
  Data Path Delay:        0.396ns  (logic 0.274ns (69.247%)  route 0.122ns (30.753%))
  Logic Levels:           1  (CARRY4=1)
  Clock Path Skew:        0.000ns (DCD - SCD - CPR)
    Destination Clock Delay (DCD):    1.274ns
    Source Clock Delay      (SCD):    0.972ns
    Clock Pessimism Removal (CPR):    0.302ns

    Location             Delay type                Incr(ns)  Path(ns)    Netlist Resource(s)
  -------------------------------------------------------------------    -------------------
                         (clock clk_fpga_0 rise edge)
                                                      0.000     0.000 r  
    PS7_X0Y0             PS7                          0.000     0.000 r  design_1_i/processing_system7_0/inst/PS7_i/FCLKCLK[0]
                         net (fo=1, routed)           0.310     0.310    design_1_i/processing_system7_0/inst/FCLK_CLK_unbuffered[0]
    BUFGCTRL_X0Y16       BUFG (Prop_bufg_I_O)         0.026     0.336 r  design_1_i/processing_system7_0/inst/buffer_fclk_clk_0.FCLK_CLK_0_BUFG/O
                         net (fo=33, routed)          0.636     0.972    design_1_i/Blinky_0/U0/sysclk
    SLICE_X112Y94        FDRE                                         r  design_1_i/Blinky_0/U0/ctr_reg_reg[18]/C
  -------------------------------------------------------------------    -------------------
    SLICE_X112Y94        FDRE (Prop_fdre_C_Q)         0.164     1.136 r  design_1_i/Blinky_0/U0/ctr_reg_reg[18]/Q
                         net (fo=2, routed)           0.122     1.257    design_1_i/Blinky_0/U0/ctr_reg_reg[18]
    SLICE_X112Y94        CARRY4 (Prop_carry4_S[2]_O[2])
                                                      0.110     1.367 r  design_1_i/Blinky_0/U0/ctr_reg_reg[16]_i_1/O[2]
                         net (fo=1, routed)           0.000     1.367    design_1_i/Blinky_0/U0/ctr_reg_reg[16]_i_1_n_5
    SLICE_X112Y94        FDRE                                         r  design_1_i/Blinky_0/U0/ctr_reg_reg[18]/D
  -------------------------------------------------------------------    -------------------

                         (clock clk_fpga_0 rise edge)
                                                      0.000     0.000 r  
    PS7_X0Y0             PS7                          0.000     0.000 r  design_1_i/processing_system7_0/inst/PS7_i/FCLKCLK[0]
                         net (fo=1, routed)           0.337     0.337    design_1_i/processing_system7_0/inst/FCLK_CLK_unbuffered[0]
    BUFGCTRL_X0Y16       BUFG (Prop_bufg_I_O)         0.029     0.366 r  design_1_i/processing_system7_0/inst/buffer_fclk_clk_0.FCLK_CLK_0_BUFG/O
                         net (fo=33, routed)          0.908     1.274    design_1_i/Blinky_0/U0/sysclk
    SLICE_X112Y94        FDRE                                         r  design_1_i/Blinky_0/U0/ctr_reg_reg[18]/C
                         clock pessimism             -0.302     0.972    
    SLICE_X112Y94        FDRE (Hold_fdre_C_D)         0.134     1.106    design_1_i/Blinky_0/U0/ctr_reg_reg[18]
  -------------------------------------------------------------------
                         required time                         -1.106    
                         arrival time                           1.367    
  -------------------------------------------------------------------
                         slack                                  0.262    

Slack (MET) :             0.262ns  (arrival time - required time)
  Source:                 design_1_i/Blinky_0/U0/ctr_reg_reg[2]/C
                            (rising edge-triggered cell FDRE clocked by clk_fpga_0  {rise@0.000ns fall@10.000ns period=20.000ns})
  Destination:            design_1_i/Blinky_0/U0/ctr_reg_reg[2]/D
                            (rising edge-triggered cell FDRE clocked by clk_fpga_0  {rise@0.000ns fall@10.000ns period=20.000ns})
  Path Group:             clk_fpga_0
  Path Type:              Hold (Min at Fast Process Corner)
  Requirement:            0.000ns  (clk_fpga_0 rise@0.000ns - clk_fpga_0 rise@0.000ns)
  Data Path Delay:        0.396ns  (logic 0.274ns (69.247%)  route 0.122ns (30.753%))
  Logic Levels:           1  (CARRY4=1)
  Clock Path Skew:        0.000ns (DCD - SCD - CPR)
    Destination Clock Delay (DCD):    1.273ns
    Source Clock Delay      (SCD):    0.971ns
    Clock Pessimism Removal (CPR):    0.302ns

    Location             Delay type                Incr(ns)  Path(ns)    Netlist Resource(s)
  -------------------------------------------------------------------    -------------------
                         (clock clk_fpga_0 rise edge)
                                                      0.000     0.000 r  
    PS7_X0Y0             PS7                          0.000     0.000 r  design_1_i/processing_system7_0/inst/PS7_i/FCLKCLK[0]
                         net (fo=1, routed)           0.310     0.310    design_1_i/processing_system7_0/inst/FCLK_CLK_unbuffered[0]
    BUFGCTRL_X0Y16       BUFG (Prop_bufg_I_O)         0.026     0.336 r  design_1_i/processing_system7_0/inst/buffer_fclk_clk_0.FCLK_CLK_0_BUFG/O
                         net (fo=33, routed)          0.635     0.971    design_1_i/Blinky_0/U0/sysclk
    SLICE_X112Y90        FDRE                                         r  design_1_i/Blinky_0/U0/ctr_reg_reg[2]/C
  -------------------------------------------------------------------    -------------------
    SLICE_X112Y90        FDRE (Prop_fdre_C_Q)         0.164     1.135 r  design_1_i/Blinky_0/U0/ctr_reg_reg[2]/Q
                         net (fo=3, routed)           0.122     1.256    design_1_i/Blinky_0/U0/ctr_reg_reg[2]
    SLICE_X112Y90        CARRY4 (Prop_carry4_S[2]_O[2])
                                                      0.110     1.366 r  design_1_i/Blinky_0/U0/ctr_reg_reg[0]_i_1/O[2]
                         net (fo=1, routed)           0.000     1.366    design_1_i/Blinky_0/U0/ctr_reg_reg[0]_i_1_n_5
    SLICE_X112Y90        FDRE                                         r  design_1_i/Blinky_0/U0/ctr_reg_reg[2]/D
  -------------------------------------------------------------------    -------------------

                         (clock clk_fpga_0 rise edge)
                                                      0.000     0.000 r  
    PS7_X0Y0             PS7                          0.000     0.000 r  design_1_i/processing_system7_0/inst/PS7_i/FCLKCLK[0]
                         net (fo=1, routed)           0.337     0.337    design_1_i/processing_system7_0/inst/FCLK_CLK_unbuffered[0]
    BUFGCTRL_X0Y16       BUFG (Prop_bufg_I_O)         0.029     0.366 r  design_1_i/processing_system7_0/inst/buffer_fclk_clk_0.FCLK_CLK_0_BUFG/O
                         net (fo=33, routed)          0.907     1.273    design_1_i/Blinky_0/U0/sysclk
    SLICE_X112Y90        FDRE                                         r  design_1_i/Blinky_0/U0/ctr_reg_reg[2]/C
                         clock pessimism             -0.302     0.971    
    SLICE_X112Y90        FDRE (Hold_fdre_C_D)         0.134     1.105    design_1_i/Blinky_0/U0/ctr_reg_reg[2]
  -------------------------------------------------------------------
                         required time                         -1.105    
                         arrival time                           1.366    
  -------------------------------------------------------------------
                         slack                                  0.262    

Slack (MET) :             0.262ns  (arrival time - required time)
  Source:                 design_1_i/Blinky_0/U0/ctr_reg_reg[30]/C
                            (rising edge-triggered cell FDRE clocked by clk_fpga_0  {rise@0.000ns fall@10.000ns period=20.000ns})
  Destination:            design_1_i/Blinky_0/U0/ctr_reg_reg[30]/D
                            (rising edge-triggered cell FDRE clocked by clk_fpga_0  {rise@0.000ns fall@10.000ns period=20.000ns})
  Path Group:             clk_fpga_0
  Path Type:              Hold (Min at Fast Process Corner)
  Requirement:            0.000ns  (clk_fpga_0 rise@0.000ns - clk_fpga_0 rise@0.000ns)
  Data Path Delay:        0.396ns  (logic 0.274ns (69.230%)  route 0.122ns (30.770%))
  Logic Levels:           1  (CARRY4=1)
  Clock Path Skew:        0.000ns (DCD - SCD - CPR)
    Destination Clock Delay (DCD):    1.275ns
    Source Clock Delay      (SCD):    0.973ns
    Clock Pessimism Removal (CPR):    0.302ns

    Location             Delay type                Incr(ns)  Path(ns)    Netlist Resource(s)
  -------------------------------------------------------------------    -------------------
                         (clock clk_fpga_0 rise edge)
                                                      0.000     0.000 r  
    PS7_X0Y0             PS7                          0.000     0.000 r  design_1_i/processing_system7_0/inst/PS7_i/FCLKCLK[0]
                         net (fo=1, routed)           0.310     0.310    design_1_i/processing_system7_0/inst/FCLK_CLK_unbuffered[0]
    BUFGCTRL_X0Y16       BUFG (Prop_bufg_I_O)         0.026     0.336 r  design_1_i/processing_system7_0/inst/buffer_fclk_clk_0.FCLK_CLK_0_BUFG/O
                         net (fo=33, routed)          0.637     0.973    design_1_i/Blinky_0/U0/sysclk
    SLICE_X112Y97        FDRE                                         r  design_1_i/Blinky_0/U0/ctr_reg_reg[30]/C
  -------------------------------------------------------------------    -------------------
    SLICE_X112Y97        FDRE (Prop_fdre_C_Q)         0.164     1.137 r  design_1_i/Blinky_0/U0/ctr_reg_reg[30]/Q
                         net (fo=2, routed)           0.122     1.258    design_1_i/Blinky_0/U0/ctr_reg_reg[30]
    SLICE_X112Y97        CARRY4 (Prop_carry4_S[2]_O[2])
                                                      0.110     1.368 r  design_1_i/Blinky_0/U0/ctr_reg_reg[28]_i_1/O[2]
                         net (fo=1, routed)           0.000     1.368    design_1_i/Blinky_0/U0/ctr_reg_reg[28]_i_1_n_5
    SLICE_X112Y97        FDRE                                         r  design_1_i/Blinky_0/U0/ctr_reg_reg[30]/D
  -------------------------------------------------------------------    -------------------

                         (clock clk_fpga_0 rise edge)
                                                      0.000     0.000 r  
    PS7_X0Y0             PS7                          0.000     0.000 r  design_1_i/processing_system7_0/inst/PS7_i/FCLKCLK[0]
                         net (fo=1, routed)           0.337     0.337    design_1_i/processing_system7_0/inst/FCLK_CLK_unbuffered[0]
    BUFGCTRL_X0Y16       BUFG (Prop_bufg_I_O)         0.029     0.366 r  design_1_i/processing_system7_0/inst/buffer_fclk_clk_0.FCLK_CLK_0_BUFG/O
                         net (fo=33, routed)          0.909     1.275    design_1_i/Blinky_0/U0/sysclk
    SLICE_X112Y97        FDRE                                         r  design_1_i/Blinky_0/U0/ctr_reg_reg[30]/C
                         clock pessimism             -0.302     0.973    
    SLICE_X112Y97        FDRE (Hold_fdre_C_D)         0.134     1.107    design_1_i/Blinky_0/U0/ctr_reg_reg[30]
  -------------------------------------------------------------------
                         required time                         -1.107    
                         arrival time                           1.368    
  -------------------------------------------------------------------
                         slack                                  0.262    

Slack (MET) :             0.262ns  (arrival time - required time)
  Source:                 design_1_i/Blinky_0/U0/ctr_reg_reg[22]/C
                            (rising edge-triggered cell FDRE clocked by clk_fpga_0  {rise@0.000ns fall@10.000ns period=20.000ns})
  Destination:            design_1_i/Blinky_0/U0/ctr_reg_reg[22]/D
                            (rising edge-triggered cell FDRE clocked by clk_fpga_0  {rise@0.000ns fall@10.000ns period=20.000ns})
  Path Group:             clk_fpga_0
  Path Type:              Hold (Min at Fast Process Corner)
  Requirement:            0.000ns  (clk_fpga_0 rise@0.000ns - clk_fpga_0 rise@0.000ns)
  Data Path Delay:        0.396ns  (logic 0.274ns (69.230%)  route 0.122ns (30.770%))
  Logic Levels:           1  (CARRY4=1)
  Clock Path Skew:        0.000ns (DCD - SCD - CPR)
    Destination Clock Delay (DCD):    1.274ns
    Source Clock Delay      (SCD):    0.972ns
    Clock Pessimism Removal (CPR):    0.302ns

    Location             Delay type                Incr(ns)  Path(ns)    Netlist Resource(s)
  -------------------------------------------------------------------    -------------------
                         (clock clk_fpga_0 rise edge)
                                                      0.000     0.000 r  
    PS7_X0Y0             PS7                          0.000     0.000 r  design_1_i/processing_system7_0/inst/PS7_i/FCLKCLK[0]
                         net (fo=1, routed)           0.310     0.310    design_1_i/processing_system7_0/inst/FCLK_CLK_unbuffered[0]
    BUFGCTRL_X0Y16       BUFG (Prop_bufg_I_O)         0.026     0.336 r  design_1_i/processing_system7_0/inst/buffer_fclk_clk_0.FCLK_CLK_0_BUFG/O
                         net (fo=33, routed)          0.636     0.972    design_1_i/Blinky_0/U0/sysclk
    SLICE_X112Y95        FDRE                                         r  design_1_i/Blinky_0/U0/ctr_reg_reg[22]/C
  -------------------------------------------------------------------    -------------------
    SLICE_X112Y95        FDRE (Prop_fdre_C_Q)         0.164     1.136 r  design_1_i/Blinky_0/U0/ctr_reg_reg[22]/Q
                         net (fo=3, routed)           0.122     1.257    design_1_i/Blinky_0/U0/ctr_reg_reg[22]
    SLICE_X112Y95        CARRY4 (Prop_carry4_S[2]_O[2])
                                                      0.110     1.367 r  design_1_i/Blinky_0/U0/ctr_reg_reg[20]_i_1/O[2]
                         net (fo=1, routed)           0.000     1.367    design_1_i/Blinky_0/U0/ctr_reg_reg[20]_i_1_n_5
    SLICE_X112Y95        FDRE                                         r  design_1_i/Blinky_0/U0/ctr_reg_reg[22]/D
  -------------------------------------------------------------------    -------------------

                         (clock clk_fpga_0 rise edge)
                                                      0.000     0.000 r  
    PS7_X0Y0             PS7                          0.000     0.000 r  design_1_i/processing_system7_0/inst/PS7_i/FCLKCLK[0]
                         net (fo=1, routed)           0.337     0.337    design_1_i/processing_system7_0/inst/FCLK_CLK_unbuffered[0]
    BUFGCTRL_X0Y16       BUFG (Prop_bufg_I_O)         0.029     0.366 r  design_1_i/processing_system7_0/inst/buffer_fclk_clk_0.FCLK_CLK_0_BUFG/O
                         net (fo=33, routed)          0.908     1.274    design_1_i/Blinky_0/U0/sysclk
    SLICE_X112Y95        FDRE                                         r  design_1_i/Blinky_0/U0/ctr_reg_reg[22]/C
                         clock pessimism             -0.302     0.972    
    SLICE_X112Y95        FDRE (Hold_fdre_C_D)         0.134     1.106    design_1_i/Blinky_0/U0/ctr_reg_reg[22]
  -------------------------------------------------------------------
                         required time                         -1.106    
                         arrival time                           1.367    
  -------------------------------------------------------------------
                         slack                                  0.262    

Slack (MET) :             0.262ns  (arrival time - required time)
  Source:                 design_1_i/Blinky_0/U0/ctr_reg_reg[26]/C
                            (rising edge-triggered cell FDRE clocked by clk_fpga_0  {rise@0.000ns fall@10.000ns period=20.000ns})
  Destination:            design_1_i/Blinky_0/U0/ctr_reg_reg[26]/D
                            (rising edge-triggered cell FDRE clocked by clk_fpga_0  {rise@0.000ns fall@10.000ns period=20.000ns})
  Path Group:             clk_fpga_0
  Path Type:              Hold (Min at Fast Process Corner)
  Requirement:            0.000ns  (clk_fpga_0 rise@0.000ns - clk_fpga_0 rise@0.000ns)
  Data Path Delay:        0.396ns  (logic 0.274ns (69.230%)  route 0.122ns (30.770%))
  Logic Levels:           1  (CARRY4=1)
  Clock Path Skew:        0.000ns (DCD - SCD - CPR)
    Destination Clock Delay (DCD):    1.274ns
    Source Clock Delay      (SCD):    0.972ns
    Clock Pessimism Removal (CPR):    0.302ns

    Location             Delay type                Incr(ns)  Path(ns)    Netlist Resource(s)
  -------------------------------------------------------------------    -------------------
                         (clock clk_fpga_0 rise edge)
                                                      0.000     0.000 r  
    PS7_X0Y0             PS7                          0.000     0.000 r  design_1_i/processing_system7_0/inst/PS7_i/FCLKCLK[0]
                         net (fo=1, routed)           0.310     0.310    design_1_i/processing_system7_0/inst/FCLK_CLK_unbuffered[0]
    BUFGCTRL_X0Y16       BUFG (Prop_bufg_I_O)         0.026     0.336 r  design_1_i/processing_system7_0/inst/buffer_fclk_clk_0.FCLK_CLK_0_BUFG/O
                         net (fo=33, routed)          0.636     0.972    design_1_i/Blinky_0/U0/sysclk
    SLICE_X112Y96        FDRE                                         r  design_1_i/Blinky_0/U0/ctr_reg_reg[26]/C
  -------------------------------------------------------------------    -------------------
    SLICE_X112Y96        FDRE (Prop_fdre_C_Q)         0.164     1.136 r  design_1_i/Blinky_0/U0/ctr_reg_reg[26]/Q
                         net (fo=2, routed)           0.122     1.257    design_1_i/Blinky_0/U0/ctr_reg_reg[26]
    SLICE_X112Y96        CARRY4 (Prop_carry4_S[2]_O[2])
                                                      0.110     1.367 r  design_1_i/Blinky_0/U0/ctr_reg_reg[24]_i_1/O[2]
                         net (fo=1, routed)           0.000     1.367    design_1_i/Blinky_0/U0/ctr_reg_reg[24]_i_1_n_5
    SLICE_X112Y96        FDRE                                         r  design_1_i/Blinky_0/U0/ctr_reg_reg[26]/D
  -------------------------------------------------------------------    -------------------

                         (clock clk_fpga_0 rise edge)
                                                      0.000     0.000 r  
    PS7_X0Y0             PS7                          0.000     0.000 r  design_1_i/processing_system7_0/inst/PS7_i/FCLKCLK[0]
                         net (fo=1, routed)           0.337     0.337    design_1_i/processing_system7_0/inst/FCLK_CLK_unbuffered[0]
    BUFGCTRL_X0Y16       BUFG (Prop_bufg_I_O)         0.029     0.366 r  design_1_i/processing_system7_0/inst/buffer_fclk_clk_0.FCLK_CLK_0_BUFG/O
                         net (fo=33, routed)          0.908     1.274    design_1_i/Blinky_0/U0/sysclk
    SLICE_X112Y96        FDRE                                         r  design_1_i/Blinky_0/U0/ctr_reg_reg[26]/C
                         clock pessimism             -0.302     0.972    
    SLICE_X112Y96        FDRE (Hold_fdre_C_D)         0.134     1.106    design_1_i/Blinky_0/U0/ctr_reg_reg[26]
  -------------------------------------------------------------------
                         required time                         -1.106    
                         arrival time                           1.367    
  -------------------------------------------------------------------
                         slack                                  0.262    

Slack (MET) :             0.296ns  (arrival time - required time)
  Source:                 design_1_i/Blinky_0/U0/ctr_reg_reg[10]/C
                            (rising edge-triggered cell FDRE clocked by clk_fpga_0  {rise@0.000ns fall@10.000ns period=20.000ns})
  Destination:            design_1_i/Blinky_0/U0/ctr_reg_reg[11]/D
                            (rising edge-triggered cell FDRE clocked by clk_fpga_0  {rise@0.000ns fall@10.000ns period=20.000ns})
  Path Group:             clk_fpga_0
  Path Type:              Hold (Min at Fast Process Corner)
  Requirement:            0.000ns  (clk_fpga_0 rise@0.000ns - clk_fpga_0 rise@0.000ns)
  Data Path Delay:        0.430ns  (logic 0.310ns (72.012%)  route 0.120ns (27.988%))
  Logic Levels:           1  (CARRY4=1)
  Clock Path Skew:        0.000ns (DCD - SCD - CPR)
    Destination Clock Delay (DCD):    1.273ns
    Source Clock Delay      (SCD):    0.971ns
    Clock Pessimism Removal (CPR):    0.302ns

    Location             Delay type                Incr(ns)  Path(ns)    Netlist Resource(s)
  -------------------------------------------------------------------    -------------------
                         (clock clk_fpga_0 rise edge)
                                                      0.000     0.000 r  
    PS7_X0Y0             PS7                          0.000     0.000 r  design_1_i/processing_system7_0/inst/PS7_i/FCLKCLK[0]
                         net (fo=1, routed)           0.310     0.310    design_1_i/processing_system7_0/inst/FCLK_CLK_unbuffered[0]
    BUFGCTRL_X0Y16       BUFG (Prop_bufg_I_O)         0.026     0.336 r  design_1_i/processing_system7_0/inst/buffer_fclk_clk_0.FCLK_CLK_0_BUFG/O
                         net (fo=33, routed)          0.635     0.971    design_1_i/Blinky_0/U0/sysclk
    SLICE_X112Y92        FDRE                                         r  design_1_i/Blinky_0/U0/ctr_reg_reg[10]/C
  -------------------------------------------------------------------    -------------------
    SLICE_X112Y92        FDRE (Prop_fdre_C_Q)         0.164     1.135 r  design_1_i/Blinky_0/U0/ctr_reg_reg[10]/Q
                         net (fo=2, routed)           0.120     1.255    design_1_i/Blinky_0/U0/ctr_reg_reg[10]
    SLICE_X112Y92        CARRY4 (Prop_carry4_S[2]_O[3])
                                                      0.146     1.401 r  design_1_i/Blinky_0/U0/ctr_reg_reg[8]_i_1/O[3]
                         net (fo=1, routed)           0.000     1.401    design_1_i/Blinky_0/U0/ctr_reg_reg[8]_i_1_n_4
    SLICE_X112Y92        FDRE                                         r  design_1_i/Blinky_0/U0/ctr_reg_reg[11]/D
  -------------------------------------------------------------------    -------------------

                         (clock clk_fpga_0 rise edge)
                                                      0.000     0.000 r  
    PS7_X0Y0             PS7                          0.000     0.000 r  design_1_i/processing_system7_0/inst/PS7_i/FCLKCLK[0]
                         net (fo=1, routed)           0.337     0.337    design_1_i/processing_system7_0/inst/FCLK_CLK_unbuffered[0]
    BUFGCTRL_X0Y16       BUFG (Prop_bufg_I_O)         0.029     0.366 r  design_1_i/processing_system7_0/inst/buffer_fclk_clk_0.FCLK_CLK_0_BUFG/O
                         net (fo=33, routed)          0.907     1.273    design_1_i/Blinky_0/U0/sysclk
    SLICE_X112Y92        FDRE                                         r  design_1_i/Blinky_0/U0/ctr_reg_reg[11]/C
                         clock pessimism             -0.302     0.971    
    SLICE_X112Y92        FDRE (Hold_fdre_C_D)         0.134     1.105    design_1_i/Blinky_0/U0/ctr_reg_reg[11]
  -------------------------------------------------------------------
                         required time                         -1.105    
                         arrival time                           1.401    
  -------------------------------------------------------------------
                         slack                                  0.296    





Pulse Width Checks
--------------------------------------------------------------------------------------
Clock Name:         clk_fpga_0
Waveform(ns):       { 0.000 10.000 }
Period(ns):         20.000
Sources:            { design_1_i/processing_system7_0/inst/PS7_i/FCLKCLK[0] }

Check Type        Corner  Lib Pin  Reference Pin  Required(ns)  Actual(ns)  Slack(ns)  Location        Pin
Min Period        n/a     BUFG/I   n/a            1.592         20.000      18.408     BUFGCTRL_X0Y16  design_1_i/processing_system7_0/inst/buffer_fclk_clk_0.FCLK_CLK_0_BUFG/I
Min Period        n/a     FDRE/C   n/a            1.000         20.000      19.000     SLICE_X111Y93   design_1_i/Blinky_0/U0/blinky_reg_reg/C
Min Period        n/a     FDRE/C   n/a            1.000         20.000      19.000     SLICE_X112Y90   design_1_i/Blinky_0/U0/ctr_reg_reg[0]/C
Min Period        n/a     FDRE/C   n/a            1.000         20.000      19.000     SLICE_X112Y92   design_1_i/Blinky_0/U0/ctr_reg_reg[10]/C
Min Period        n/a     FDRE/C   n/a            1.000         20.000      19.000     SLICE_X112Y92   design_1_i/Blinky_0/U0/ctr_reg_reg[11]/C
Min Period        n/a     FDRE/C   n/a            1.000         20.000      19.000     SLICE_X112Y93   design_1_i/Blinky_0/U0/ctr_reg_reg[12]/C
Min Period        n/a     FDRE/C   n/a            1.000         20.000      19.000     SLICE_X112Y93   design_1_i/Blinky_0/U0/ctr_reg_reg[13]/C
Min Period        n/a     FDRE/C   n/a            1.000         20.000      19.000     SLICE_X112Y93   design_1_i/Blinky_0/U0/ctr_reg_reg[14]/C
Min Period        n/a     FDRE/C   n/a            1.000         20.000      19.000     SLICE_X112Y93   design_1_i/Blinky_0/U0/ctr_reg_reg[15]/C
Min Period        n/a     FDRE/C   n/a            1.000         20.000      19.000     SLICE_X112Y94   design_1_i/Blinky_0/U0/ctr_reg_reg[16]/C
Low Pulse Width   Slow    FDRE/C   n/a            0.500         10.000      9.500      SLICE_X111Y93   design_1_i/Blinky_0/U0/blinky_reg_reg/C
Low Pulse Width   Fast    FDRE/C   n/a            0.500         10.000      9.500      SLICE_X111Y93   design_1_i/Blinky_0/U0/blinky_reg_reg/C
Low Pulse Width   Slow    FDRE/C   n/a            0.500         10.000      9.500      SLICE_X112Y90   design_1_i/Blinky_0/U0/ctr_reg_reg[0]/C
Low Pulse Width   Fast    FDRE/C   n/a            0.500         10.000      9.500      SLICE_X112Y90   design_1_i/Blinky_0/U0/ctr_reg_reg[0]/C
Low Pulse Width   Slow    FDRE/C   n/a            0.500         10.000      9.500      SLICE_X112Y92   design_1_i/Blinky_0/U0/ctr_reg_reg[10]/C
Low Pulse Width   Fast    FDRE/C   n/a            0.500         10.000      9.500      SLICE_X112Y92   design_1_i/Blinky_0/U0/ctr_reg_reg[10]/C
Low Pulse Width   Slow    FDRE/C   n/a            0.500         10.000      9.500      SLICE_X112Y92   design_1_i/Blinky_0/U0/ctr_reg_reg[11]/C
Low Pulse Width   Fast    FDRE/C   n/a            0.500         10.000      9.500      SLICE_X112Y92   design_1_i/Blinky_0/U0/ctr_reg_reg[11]/C
Low Pulse Width   Slow    FDRE/C   n/a            0.500         10.000      9.500      SLICE_X112Y93   design_1_i/Blinky_0/U0/ctr_reg_reg[12]/C
Low Pulse Width   Fast    FDRE/C   n/a            0.500         10.000      9.500      SLICE_X112Y93   design_1_i/Blinky_0/U0/ctr_reg_reg[12]/C
High Pulse Width  Slow    FDRE/C   n/a            0.500         10.000      9.500      SLICE_X111Y93   design_1_i/Blinky_0/U0/blinky_reg_reg/C
High Pulse Width  Fast    FDRE/C   n/a            0.500         10.000      9.500      SLICE_X111Y93   design_1_i/Blinky_0/U0/blinky_reg_reg/C
High Pulse Width  Slow    FDRE/C   n/a            0.500         10.000      9.500      SLICE_X112Y90   design_1_i/Blinky_0/U0/ctr_reg_reg[0]/C
High Pulse Width  Fast    FDRE/C   n/a            0.500         10.000      9.500      SLICE_X112Y90   design_1_i/Blinky_0/U0/ctr_reg_reg[0]/C
High Pulse Width  Slow    FDRE/C   n/a            0.500         10.000      9.500      SLICE_X112Y92   design_1_i/Blinky_0/U0/ctr_reg_reg[10]/C
High Pulse Width  Fast    FDRE/C   n/a            0.500         10.000      9.500      SLICE_X112Y92   design_1_i/Blinky_0/U0/ctr_reg_reg[10]/C
High Pulse Width  Slow    FDRE/C   n/a            0.500         10.000      9.500      SLICE_X112Y92   design_1_i/Blinky_0/U0/ctr_reg_reg[11]/C
High Pulse Width  Fast    FDRE/C   n/a            0.500         10.000      9.500      SLICE_X112Y92   design_1_i/Blinky_0/U0/ctr_reg_reg[11]/C
High Pulse Width  Slow    FDRE/C   n/a            0.500         10.000      9.500      SLICE_X112Y93   design_1_i/Blinky_0/U0/ctr_reg_reg[12]/C
High Pulse Width  Fast    FDRE/C   n/a            0.500         10.000      9.500      SLICE_X112Y93   design_1_i/Blinky_0/U0/ctr_reg_reg[12]/C



--------------------------------------------------------------------------------------
Path Group:  (none)
From Clock:  clk_fpga_0
  To Clock:  

Max Delay             1 Endpoint
Min Delay             1 Endpoint
--------------------------------------------------------------------------------------


Max Delay Paths
--------------------------------------------------------------------------------------
Slack:                    inf
  Source:                 design_1_i/Blinky_0/U0/blinky_reg_reg/C
                            (rising edge-triggered cell FDRE clocked by clk_fpga_0  {rise@0.000ns fall@10.000ns period=20.000ns})
  Destination:            blinky_o
                            (output port)
  Path Group:             (none)
  Path Type:              Max at Slow Process Corner
  Data Path Delay:        4.890ns  (logic 3.587ns (73.354%)  route 1.303ns (26.646%))
  Logic Levels:           1  (OBUF=1)
  Clock Uncertainty:      0.301ns  ((TSJ^2 + TIJ^2)^1/2 + DJ) / 2 + PE
    Total System Jitter     (TSJ):    0.050ns
    Total Input Jitter      (TIJ):    0.600ns
    Discrete Jitter          (DJ):    0.000ns
    Phase Error              (PE):    0.000ns

    Location             Delay type                Incr(ns)  Path(ns)    Netlist Resource(s)
  -------------------------------------------------------------------    -------------------
                         (clock clk_fpga_0 rise edge)
                                                      0.000     0.000 r  
    PS7_X0Y0             PS7                          0.000     0.000 r  design_1_i/processing_system7_0/inst/PS7_i/FCLKCLK[0]
                         net (fo=1, routed)           0.863     0.863    design_1_i/processing_system7_0/inst/FCLK_CLK_unbuffered[0]
    BUFGCTRL_X0Y16       BUFG (Prop_bufg_I_O)         0.079     0.942 r  design_1_i/processing_system7_0/inst/buffer_fclk_clk_0.FCLK_CLK_0_BUFG/O
                         net (fo=33, routed)          1.420     2.362    design_1_i/Blinky_0/U0/sysclk
    SLICE_X111Y93        FDRE                                         r  design_1_i/Blinky_0/U0/blinky_reg_reg/C
  -------------------------------------------------------------------    -------------------
    SLICE_X111Y93        FDRE (Prop_fdre_C_Q)         0.341     2.703 r  design_1_i/Blinky_0/U0/blinky_reg_reg/Q
                         net (fo=2, routed)           1.303     4.006    blinky_o_OBUF
    U13                  OBUF (Prop_obuf_I_O)         3.246     7.252 r  blinky_o_OBUF_inst/O
                         net (fo=0)                   0.000     7.252    blinky_o
    U13                                                               r  blinky_o (OUT)
  -------------------------------------------------------------------    -------------------





Min Delay Paths
--------------------------------------------------------------------------------------
Slack:                    inf
  Source:                 design_1_i/Blinky_0/U0/blinky_reg_reg/C
                            (rising edge-triggered cell FDRE clocked by clk_fpga_0  {rise@0.000ns fall@10.000ns period=20.000ns})
  Destination:            blinky_o
                            (output port)
  Path Group:             (none)
  Path Type:              Min at Fast Process Corner
  Data Path Delay:        1.835ns  (logic 1.465ns (79.832%)  route 0.370ns (20.168%))
  Logic Levels:           1  (OBUF=1)
  Clock Uncertainty:      0.301ns  ((TSJ^2 + TIJ^2)^1/2 + DJ) / 2 + PE
    Total System Jitter     (TSJ):    0.050ns
    Total Input Jitter      (TIJ):    0.600ns
    Discrete Jitter          (DJ):    0.000ns
    Phase Error              (PE):    0.000ns

    Location             Delay type                Incr(ns)  Path(ns)    Netlist Resource(s)
  -------------------------------------------------------------------    -------------------
                         (clock clk_fpga_0 rise edge)
                                                      0.000     0.000 r  
    PS7_X0Y0             PS7                          0.000     0.000 r  design_1_i/processing_system7_0/inst/PS7_i/FCLKCLK[0]
                         net (fo=1, routed)           0.310     0.310    design_1_i/processing_system7_0/inst/FCLK_CLK_unbuffered[0]
    BUFGCTRL_X0Y16       BUFG (Prop_bufg_I_O)         0.026     0.336 r  design_1_i/processing_system7_0/inst/buffer_fclk_clk_0.FCLK_CLK_0_BUFG/O
                         net (fo=33, routed)          0.636     0.972    design_1_i/Blinky_0/U0/sysclk
    SLICE_X111Y93        FDRE                                         r  design_1_i/Blinky_0/U0/blinky_reg_reg/C
  -------------------------------------------------------------------    -------------------
    SLICE_X111Y93        FDRE (Prop_fdre_C_Q)         0.141     1.113 r  design_1_i/Blinky_0/U0/blinky_reg_reg/Q
                         net (fo=2, routed)           0.370     1.483    blinky_o_OBUF
    U13                  OBUF (Prop_obuf_I_O)         1.324     2.806 r  blinky_o_OBUF_inst/O
                         net (fo=0)                   0.000     2.806    blinky_o
    U13                                                               r  blinky_o (OUT)
  -------------------------------------------------------------------    -------------------





